,Original encoded SMILES,Original log P,Original G parameter,Denticity,Isomer,Original encoded SMILES again,Optimized encoded SMILES,Tanimoto similarity,Optimization objective,Minimization,Original ligand ID,Optimized ligand ID,Sampling region,Optimization direction,Valid
0,CSc1cc(-c2ccccc2)cn2->[Ir]<-n3ccccc3-c12,4.532500000000003,36.089447716059205,1,trans,CSc1cc(-c2ccccc2)cn2->[Ir]<-n3ccccc3-c12,CSc1cccc(-c2cccn3->[Ir]<-n4ccc5ccccc5c4-c23)c1,0.4468085106382978,log P,False,uncond_bi-min10k-8405,cond_bi-isolated_ligands-O1_optimized-uncond_bi-min10k-8405,High log P,O1,True
1,Cc1cccn2->[Ir]<-n3ccc(-c4ccccc4)cc3-c12,4.119020000000004,35.341397421613884,1,cis,Cc1cccn2->[Ir]<-n3ccc(-c4ccccc4)cc3-c12,Cc1cccc2n1->[Ir]<-n1cc3c(cc1-2)sc1ccccc13,0.3595505617977528,log P,False,uncond_bi-min10k-7701,cond_bi-isolated_ligands-O1_optimized-uncond_bi-min10k-7701,High log P,O1,True
2,Cc1cccn2->[Ir]<-n3c(-c4ccccc4)cccc3-c12,4.119020000000004,43.09247174916441,1,trans,Cc1cccn2->[Ir]<-n3c(-c4ccccc4)cccc3-c12,Brc1cccn2->[Ir]<-n3c(ccc4c5ccccc5sc43)-c12,0.4578313253012048,log P,False,uncond_bi-min10k-7985,cond_bi-isolated_ligands-O1_optimized-uncond_bi-min10k-7985,High log P,O1,True
3,Brc1cccc(-n23->[Ir]<-n4ccccc4-c2ccn3)c1,3.6968000000000014,41.05522839407927,1,cis,Brc1cccc(-n23->[Ir]<-n4ccccc4-c2ccn3)c1,BrC1=CC=CC2C3C=c4ccccc4=CN3(c3ccccc3Br)->[Ir]<-N12,0.2524271844660194,log P,False,uncond_bi-min10k-3370,cond_bi-isolated_ligands-O1_optimized-uncond_bi-min10k-3370,High log P,O1,True
4,CC(F)(F)S1->[Ir]<-S(C(F)(F)F)c2ccccc21,5.003300000000001,42.82190036606717,1,cis,CC(F)(F)S1->[Ir]<-S(C(F)(F)F)c2ccccc21,FC(F)(F)S1->[Ir]<-S(c2ccccc2)c2ccccc21,0.4776119402985074,log P,False,uncond_bi-min10k-1107,cond_bi-isolated_ligands-O1_optimized-uncond_bi-min10k-1107,High log P,O1,True
5,CN1->[Ir]<-N(c2ccccc2)=C2C=CC3(C=CC=CC3)C=12,3.902200000000003,36.781792137513925,1,cis,CN1->[Ir]<-N(c2ccccc2)=C2C=CC3(C=CC=CC3)C=12,CN1->[Ir]<-N(c2ccccc2Cl)=c2ccc3ccccc3c2=1,0.3186813186813186,log P,False,uncond_bi-min10k-9691,cond_bi-isolated_ligands-O1_optimized-uncond_bi-min10k-9691,High log P,O1,True
6,O=Cc1ccccc1C=N1->[Ir]<-N(=Cc2ccccc2Cl)CC1,3.690500000000003,37.88795161547032,1,trans,O=Cc1ccccc1C=N1->[Ir]<-N(=Cc2ccccc2Cl)CC1,Clc1ccccc1C=N1->[Ir]<-N(=Cc2c(Br)ccc3ccccc23)CC1,0.611764705882353,log P,False,uncond_bi-min10k-9751,cond_bi-isolated_ligands-O1_optimized-uncond_bi-min10k-9751,High log P,O1,True
7,Cc1ccc(O)c(-c2ccn3->[Ir]<-n4ccccc4-c3c2)c1,3.824620000000003,35.333439439758074,1,trans,Cc1ccc(O)c(-c2ccn3->[Ir]<-n4ccccc4-c3c2)c1,Cc1c(-c2ccn3->[Ir]<-n4ccccc4-c3c2)c(F)cc2ccccc12,0.5764705882352941,log P,False,uncond_bi-min10k-8799,cond_bi-isolated_ligands-O1_optimized-uncond_bi-min10k-8799,High log P,O1,True
8,Fc1cccc(N2->[Ir]<-O=C3CCC4(C=CC=CC4)C=23)c1,3.763600000000003,36.089447716059205,1,trans,Fc1cccc(N2->[Ir]<-O=C3CCC4(C=CC=CC4)C=23)c1,Fc1ccccc1N1->[Ir]<-O=C2C=1CC1C=CC=CC21,0.3068181818181818,log P,False,uncond_bi-min10k-7742,cond_bi-isolated_ligands-O1_optimized-uncond_bi-min10k-7742,High log P,O1,True
9,Cc1ccc2n(->[Ir]<-N(c3cccc(C)c3C)C2)c1,3.618960000000002,38.50867420022283,1,trans,Cc1ccc2n(->[Ir]<-N(c3cccc(C)c3C)C2)c1,Cc1cccc(N23->[Ir]<-n4cccc(C)c4C2C=c2ccccc2=C3)c1C,0.3125,log P,False,uncond_bi-min10k-9703,cond_bi-isolated_ligands-O1_optimized-uncond_bi-min10k-9703,High log P,O1,True
0,CC1=N->[Ir]<-N(c2ccccc2)=CC12C=CC=CC2,3.9310700000000014,42.86964825720198,1,trans,CC1=N->[Ir]<-N(c2ccccc2)=CC12C=CC=CC2,CC1=N->[Ir]<-N(c2ccccc2)=C(C)C1(C)C,0.4057971014492754,G parameter,False,uncond_bi-min10k-7621,cond_bi-isolated_ligands-O2_optimized-uncond_bi-min10k-7621,High log P,O2,True
1,Cc1cccn2->[Ir]<-n3ccc(-c4ccccc4)cc3-c12,4.119020000000004,35.341397421613884,1,cis,Cc1cccn2->[Ir]<-n3ccc(-c4ccccc4)cc3-c12,Cc1nccc2c1S(c1ccccc1)->[Ir]<-N2,0.2771084337349397,G parameter,False,uncond_bi-min10k-7701,cond_bi-isolated_ligands-O2_optimized-uncond_bi-min10k-7701,High log P,O2,True
2,Cc1cccn2->[Ir]<-n3c(-c4ccccc4)cccc3-c12,4.119020000000004,43.09247174916441,1,trans,Cc1cccn2->[Ir]<-n3c(-c4ccccc4)cccc3-c12,Cc1cccc2n1->[Ir]<-SC(c1ccccc1)C2S,0.3373493975903614,G parameter,False,uncond_bi-min10k-7985,cond_bi-isolated_ligands-O2_optimized-uncond_bi-min10k-7985,High log P,O2,True
3,CN1->[Ir]<-N(c2ccccc2)=C2C=CC3(C=CC=CC3)C=12,3.902200000000003,36.781792137513925,1,cis,CN1->[Ir]<-N(c2ccccc2)=C2C=CC3(C=CC=CC3)C=12,CC1(C)CN(C)(C)->[Ir]<-IC1c1ccccc1,0.2117647058823529,G parameter,False,uncond_bi-min10k-9691,cond_bi-isolated_ligands-O2_optimized-uncond_bi-min10k-9691,High log P,O2,True
4,Cc1c(O)cccc1-c1ccc2n(->[Ir]<-n3ccccc3-2)c1,3.824620000000003,36.12127964348241,1,trans,Cc1c(O)cccc1-c1ccc2n(->[Ir]<-n3ccccc3-2)c1,Cc1cccc(C)c1N1->[Ir]<-O(C)c2cccnc21,0.217391304347826,G parameter,False,uncond_bi-min10k-8568,cond_bi-isolated_ligands-O2_optimized-uncond_bi-min10k-8568,High log P,O2,True
5,c1ccc(N2->[Ir]<-O=c3c=2ccc2ccccc32)cc1,3.6688000000000014,35.28569154862327,1,cis,c1ccc(N2->[Ir]<-O=c3c=2ccc2ccccc32)cc1,Nc1ccccc1S1->[Ir]<-S(c2ccccc2)CC1,0.3253012048192771,G parameter,False,uncond_bi-min10k-4423,cond_bi-isolated_ligands-O2_optimized-uncond_bi-min10k-4423,High log P,O2,True
6,CSc1cc(-c2ccccc2)cn2->[Ir]<-n3ccccc3-c12,4.532500000000003,36.089447716059205,1,trans,CSc1cc(-c2ccccc2)cn2->[Ir]<-n3ccccc3-c12,CC1CS(CS)->[Ir]<-Sc2cccnc2N1c1ccccc1,0.2424242424242424,G parameter,False,uncond_bi-min10k-8405,cond_bi-isolated_ligands-O2_optimized-uncond_bi-min10k-8405,High log P,O2,True
7,Clc1cc2c(cc1-c1ccccc1)=N(c1ccccc1)->[Ir]<-O=2,4.5481000000000025,43.983765717014165,1,cis,Clc1cc2c(cc1-c1ccccc1)=N(c1ccccc1)->[Ir]<-O=2,Clc1cn2->[Ir]<-N(Cc3ccccc3)=CC3(C=CC=CC3)c2s1,0.25,G parameter,False,uncond_bi-min10k-7314,cond_bi-isolated_ligands-O2_optimized-uncond_bi-min10k-7314,High log P,O2,True
8,Fc1cccc(N2->[Ir]<-O=C3CCC4(C=CC=CC4)C=23)c1,3.763600000000003,36.089447716059205,1,trans,Fc1cccc(N2->[Ir]<-O=C3CCC4(C=CC=CC4)C=23)c1,CCN1(c2cccc(F)c2)->[Ir]<-Nc2cccnc21,0.247191011235955,G parameter,False,uncond_bi-min10k-7742,cond_bi-isolated_ligands-O2_optimized-uncond_bi-min10k-7742,High log P,O2,True
9,Cc1ccc2n(->[Ir]<-N(c3cccc(C)c3C)C2)c1,3.618960000000002,38.50867420022283,1,trans,Cc1ccc2n(->[Ir]<-N(c3cccc(C)c3C)C2)c1,Cc1ccc2c(n1)S->[Ir]<-N2Cc1ccccc1,0.2469135802469135,G parameter,False,uncond_bi-min10k-9703,cond_bi-isolated_ligands-O2_optimized-uncond_bi-min10k-9703,High log P,O2,True
0,c1ccc(N2->[Ir]<-O=c3c=2ccc2ccccc32)cc1,3.6688000000000014,35.28569154862327,1,cis,c1ccc(N2->[Ir]<-O=c3c=2ccc2ccccc32)cc1,c1ccc(N2->[Ir]<-O=C3CNCC=23)cc1,0.375,log P,True,uncond_bi-min10k-4423,cond_bi-isolated_ligands-O3_optimized-uncond_bi-min10k-4423,High log P,O3,True
1,c1ccc(NC2=S->[Ir]<-S=C2Nc2ccccc2)cc1,3.865400000000001,36.20085946204043,1,cis,c1ccc(NC2=S->[Ir]<-S=C2Nc2ccccc2)cc1,Nc1cccc(NC2=O->[Ir]<-n3ccccc32)c1,0.2891566265060241,log P,True,uncond_bi-min10k-4730,cond_bi-isolated_ligands-O3_optimized-uncond_bi-min10k-4730,High log P,O3,True
2,Cc1cccn2->[Ir]<-n3ccc(-c4ccccc4)cc3-c12,4.119020000000004,35.341397421613884,1,cis,Cc1cccn2->[Ir]<-n3ccc(-c4ccccc4)cc3-c12,Cc1ccn2->[Ir]<-N3=C(OC(C(=O)O)C3)c2c1,0.2235294117647059,log P,True,uncond_bi-min10k-7701,cond_bi-isolated_ligands-O3_optimized-uncond_bi-min10k-7701,High log P,O3,True
3,CN1->[Ir]<-N(c2ccccc2)=C2C=CC3(C=CC=CC3)C=12,3.902200000000003,36.781792137513925,1,cis,CN1->[Ir]<-N(c2ccccc2)=C2C=CC3(C=CC=CC3)C=12,CN1->[Ir]<-n2c([nH]c3ccccc32)C=1N,0.2531645569620253,log P,True,uncond_bi-min10k-9691,cond_bi-isolated_ligands-O3_optimized-uncond_bi-min10k-9691,High log P,O3,True
4,Clc1cc2c(cc1-c1ccccc1)=N(c1ccccc1)->[Ir]<-O=2,4.5481000000000025,43.983765717014165,1,cis,Clc1cc2c(cc1-c1ccccc1)=N(c1ccccc1)->[Ir]<-O=2,Clc1cn2->[Ir]<-N(Cc3ccccc3)=Cc2s1,0.2444444444444444,log P,True,uncond_bi-min10k-7314,cond_bi-isolated_ligands-O3_optimized-uncond_bi-min10k-7314,High log P,O3,True
5,Nc1c[nH]c2c1SC(=C1c3ccccn3->[Ir]<-n3ccccc31)S2,4.001800000000001,41.62820308769695,1,trans,Nc1c[nH]c2c1SC(=C1c3ccccn3->[Ir]<-n3ccccc31)S2,Nc1c[nH]c2c1SC(=C1CN->[Ir]<-n3ccccc31)S2,0.5308641975308642,log P,True,uncond_bi-min10k-8867,cond_bi-isolated_ligands-O3_optimized-uncond_bi-min10k-8867,High log P,O3,True
6,Brc1cccc(-n23->[Ir]<-n4ccccc4-c2ccn3)c1,3.6968000000000014,41.05522839407927,1,cis,Brc1cccc(-n23->[Ir]<-n4ccccc4-c2ccn3)c1,NC1CN->[Ir]<-N1=Cc1cccc(Br)c1,0.2307692307692307,log P,True,uncond_bi-min10k-3370,cond_bi-isolated_ligands-O3_optimized-uncond_bi-min10k-3370,High log P,O3,True
7,Cc1ccc(O)c(-c2ccn3->[Ir]<-n4ccccc4-c3c2)c1,3.824620000000003,35.333439439758074,1,trans,Cc1ccc(O)c(-c2ccn3->[Ir]<-n4ccccc4-c3c2)c1,Cc1cc(CO)cc(N2->[Ir]<-n3ccccc3C2)c1,0.313953488372093,log P,True,uncond_bi-min10k-8799,cond_bi-isolated_ligands-O3_optimized-uncond_bi-min10k-8799,High log P,O3,True
8,O=Cc1ccccc1C=N1->[Ir]<-N(=Cc2ccccc2Cl)CC1,3.690500000000003,37.88795161547032,1,trans,O=Cc1ccccc1C=N1->[Ir]<-N(=Cc2ccccc2Cl)CC1,CCOC1OC(c2ccccc2)=O->[Ir]<-O=C1C=O,0.2083333333333333,log P,True,uncond_bi-min10k-9751,cond_bi-isolated_ligands-O3_optimized-uncond_bi-min10k-9751,High log P,O3,True
9,Cc1ccc2n(->[Ir]<-N(c3cccc(C)c3C)C2)c1,3.618960000000002,38.50867420022283,1,trans,Cc1ccc2n(->[Ir]<-N(c3cccc(C)c3C)C2)c1,Cc1ccc2n(->[Ir]<-N(C(C)C)C2)c1,0.45,log P,True,uncond_bi-min10k-9703,cond_bi-isolated_ligands-O3_optimized-uncond_bi-min10k-9703,High log P,O3,True
0,Fc1cccc(N2->[Ir]<-O=C3CCC4(C=CC=CC4)C=23)c1,3.763600000000003,36.089447716059205,1,trans,Fc1cccc(N2->[Ir]<-O=C3CCC4(C=CC=CC4)C=23)c1,Fc1ccc2ncn3(->[Ir]<-n4ccccc4-3)c2c1,0.2528735632183908,G parameter,True,uncond_bi-min10k-7742,cond_bi-isolated_ligands-O4_optimized-uncond_bi-min10k-7742,High log P,O4,True
1,O=Cc1ccccc1C=N1->[Ir]<-N(=Cc2ccccc2Cl)CC1,3.690500000000003,37.88795161547032,1,trans,O=Cc1ccccc1C=N1->[Ir]<-N(=Cc2ccccc2Cl)CC1,c1ccc2c(c1)CCN1(->[Ir]<-Nc3ncccc31)C2,0.2291666666666666,G parameter,True,uncond_bi-min10k-9751,cond_bi-isolated_ligands-O4_optimized-uncond_bi-min10k-9751,High log P,O4,True
2,Brc1cccc(-n23->[Ir]<-n4ccccc4-c2ccn3)c1,3.6968000000000014,41.05522839407927,1,cis,Brc1cccc(-n23->[Ir]<-n4ccccc4-c2ccn3)c1,c1ccc2cc3c(cc2c1)N->[Ir]<-N3,0.2179487179487179,G parameter,True,uncond_bi-min10k-3370,cond_bi-isolated_ligands-O4_optimized-uncond_bi-min10k-3370,High log P,O4,True
3,CN1->[Ir]<-N(c2ccccc2)=C2C=CC3(C=CC=CC3)C=12,3.902200000000003,36.781792137513925,1,cis,CN1->[Ir]<-N(c2ccccc2)=C2C=CC3(C=CC=CC3)C=12,c1ccc2c(c1)CCN1(->[Ir]<-n3ccccc31)C2,0.2359550561797752,G parameter,True,uncond_bi-min10k-9691,cond_bi-isolated_ligands-O4_optimized-uncond_bi-min10k-9691,High log P,O4,True
4,CC1=N->[Ir]<-N(c2ccccc2)=CC12C=CC=CC2,3.9310700000000014,42.86964825720198,1,trans,CC1=N->[Ir]<-N(c2ccccc2)=CC12C=CC=CC2,C1=CCC2(C=C1)N->[Ir]<-n21ccnc1,0.2432432432432432,G parameter,True,uncond_bi-min10k-7621,cond_bi-isolated_ligands-O4_optimized-uncond_bi-min10k-7621,High log P,O4,True
5,Nc1c[nH]c2c1SC(=C1c3ccccn3->[Ir]<-n3ccccc31)S2,4.001800000000001,41.62820308769695,1,trans,Nc1c[nH]c2c1SC(=C1c3ccccn3->[Ir]<-n3ccccc31)S2,Fc1ccc2ncn(-c3ccn4->[Ir]<-n5ccccc5-c4c3)c2c1,0.36,G parameter,True,uncond_bi-min10k-8867,cond_bi-isolated_ligands-O4_optimized-uncond_bi-min10k-8867,High log P,O4,True
6,Cc1cccn2->[Ir]<-n3c(-c4ccccc4)cccc3-c12,4.119020000000004,43.09247174916441,1,trans,Cc1cccn2->[Ir]<-n3c(-c4ccccc4)cccc3-c12,c1cncc(-c2nccn23->[Ir]<-n2ccccc2-3)c1,0.2988505747126437,G parameter,True,uncond_bi-min10k-7985,cond_bi-isolated_ligands-O4_optimized-uncond_bi-min10k-7985,High log P,O4,True
7,c1ccc(-c2c3n(->[Ir]<-n4ccccc4-3)nc3ccccc23)cc1,4.358800000000002,35.4368932038835,1,cis,c1ccc(-c2c3n(->[Ir]<-n4ccccc4-3)nc3ccccc23)cc1,c1cnc2c(c1)N(Cc1ccc3ccccc3c1)->[Ir]<-N2,0.2647058823529412,G parameter,True,uncond_bi-min10k-9545,cond_bi-isolated_ligands-O4_optimized-uncond_bi-min10k-9545,High log P,O4,True
8,Cc1ccc(O)c(-c2ccn3->[Ir]<-n4ccccc4-c3c2)c1,3.824620000000003,35.333439439758074,1,trans,Cc1ccc(O)c(-c2ccn3->[Ir]<-n4ccccc4-c3c2)c1,c1ccc2cc(-c3ccnc4c3N->[Ir]<-N4)ccc2c1,0.2967032967032967,G parameter,True,uncond_bi-min10k-8799,cond_bi-isolated_ligands-O4_optimized-uncond_bi-min10k-8799,High log P,O4,True
9,Cc1ccc2n(->[Ir]<-N(c3cccc(C)c3C)C2)c1,3.618960000000002,38.50867420022283,1,trans,Cc1ccc2n(->[Ir]<-N(c3cccc(C)c3C)C2)c1,c1ccc(C2=NN3->[Ir]<-n4ccccc4C3O2)cc1,0.2068965517241379,G parameter,True,uncond_bi-min10k-9703,cond_bi-isolated_ligands-O4_optimized-uncond_bi-min10k-9703,High log P,O4,True
0,CC1=N->[Ir]<-N(c2ccccc2)=CC12C=CC=CC2,3.9310700000000014,42.86964825720198,1,trans,CC1=N->[Ir]<-N(c2ccccc2)=CC12C=CC=CC2,CC1=NNC(Nc2ccccc2)=O->[Ir]<-n2ccnc(C)c21,0.2391304347826087,log P + G parameter,False,uncond_bi-min10k-7621,cond_bi-isolated_ligands-O5_optimized-uncond_bi-min10k-7621,High log P,O5,True
1,FC(F)(F)S1->[Ir]<-S(C(F)(F)F)CC1,3.492400000000001,42.583160910393126,1,cis,FC(F)(F)S1->[Ir]<-S(C(F)(F)F)CC1,CC(F)S1->[Ir]<-S(C(F)(F)F)C2(CCCCC2)C1,0.234375,log P + G parameter,False,uncond_bi-min10k-104,cond_bi-isolated_ligands-O5_optimized-uncond_bi-min10k-104,High log P,O5,True
2,Cc1cccn2->[Ir]<-n3c(-c4ccccc4)cccc3-c12,4.119020000000004,43.09247174916441,1,trans,Cc1cccn2->[Ir]<-n3c(-c4ccccc4)cccc3-c12,Cc1cccc2n1->[Ir]<-S(C)c1ccccc1-2,0.3636363636363636,log P + G parameter,False,uncond_bi-min10k-7985,cond_bi-isolated_ligands-O5_optimized-uncond_bi-min10k-7985,High log P,O5,True
3,CN1->[Ir]<-N(c2ccccc2)=C2C=CC3(C=CC=CC3)C=12,3.902200000000003,36.781792137513925,1,cis,CN1->[Ir]<-N(c2ccccc2)=C2C=CC3(C=CC=CC3)C=12,CN1(C)->[Ir]<-P(c2ccccc2)(c2ccccc2)OCC1,0.2446808510638297,log P + G parameter,False,uncond_bi-min10k-9691,cond_bi-isolated_ligands-O5_optimized-uncond_bi-min10k-9691,High log P,O5,True
4,Clc1ccc(C=N2->[Ir]<-n3ccccc3C2)cc1Cl,4.007500000000001,35.81091835110616,1,cis,Clc1ccc(C=N2->[Ir]<-n3ccccc3C2)cc1Cl,CC1=NNC(Nc2ccccc2)=O->[Ir]<-n2cc(CCl)ncc21,0.2083333333333333,log P + G parameter,False,uncond_bi-min10k-2776,cond_bi-isolated_ligands-O5_optimized-uncond_bi-min10k-2776,High log P,O5,True
5,c1ccc(N2->[Ir]<-O=c3c=2ccc2ccccc32)cc1,3.6688000000000014,35.28569154862327,1,cis,c1ccc(N2->[Ir]<-O=c3c=2ccc2ccccc32)cc1,Cc1cc(C)c(S2->[Ir]<-S(c3ccccc3)CC2)cc1N,0.2258064516129032,log P + G parameter,False,uncond_bi-min10k-4423,cond_bi-isolated_ligands-O5_optimized-uncond_bi-min10k-4423,High log P,O5,True
6,CSc1cc(-c2ccccc2)cn2->[Ir]<-n3ccccc3-c12,4.532500000000003,36.089447716059205,1,trans,CSc1cc(-c2ccccc2)cn2->[Ir]<-n3ccccc3-c12,SCS1->[Ir]<-SCC(=Cc2ccccc2)Nc2cccnc21,0.2277227722772277,log P + G parameter,False,uncond_bi-min10k-8405,cond_bi-isolated_ligands-O5_optimized-uncond_bi-min10k-8405,High log P,O5,True
7,Cc1ccc(O)c(-c2ccn3->[Ir]<-n4ccccc4-c3c2)c1,3.824620000000003,35.333439439758074,1,trans,Cc1ccc(O)c(-c2ccn3->[Ir]<-n4ccccc4-c3c2)c1,Cc1ccc(N2->[Ir]<-n3cc(C)ccc3C2)c(C)c1,0.2727272727272727,log P + G parameter,False,uncond_bi-min10k-8799,cond_bi-isolated_ligands-O5_optimized-uncond_bi-min10k-8799,High log P,O5,True
8,Brc1cccc(-n23->[Ir]<-n4ccccc4-c2ccn3)c1,3.6968000000000014,41.05522839407927,1,cis,Brc1cccc(-n23->[Ir]<-n4ccccc4-c2ccn3)c1,CC1=NNC(Nc2ccccc2)=O->[Ir]<-n2c(CBr)cncc21,0.2244897959183673,log P + G parameter,False,uncond_bi-min10k-3370,cond_bi-isolated_ligands-O5_optimized-uncond_bi-min10k-3370,High log P,O5,True
9,Cc1ccc2n(->[Ir]<-N(c3cccc(C)c3C)C2)c1,3.618960000000002,38.50867420022283,1,trans,Cc1ccc2n(->[Ir]<-N(c3cccc(C)c3C)C2)c1,Cc1ccc2n(->[Ir]<-SC2(N)c2ccccc2)c1,0.3157894736842105,log P + G parameter,False,uncond_bi-min10k-9703,cond_bi-isolated_ligands-O5_optimized-uncond_bi-min10k-9703,High log P,O5,True
0,c1ccc(N2->[Ir]<-O=c3c=2ccc2ccccc32)cc1,3.6688000000000014,35.28569154862327,1,cis,c1ccc(N2->[Ir]<-O=c3c=2ccc2ccccc32)cc1,CS1->[Ir]<-S(c2ccc(N)cc2)c2ccccc21,0.2771084337349397,log P - G parameter,True,uncond_bi-min10k-4423,cond_bi-isolated_ligands-O6_optimized-uncond_bi-min10k-4423,High log P,O6,True
1,Nc1c[nH]c2c1SC(=C1c3ccccn3->[Ir]<-n3ccccc31)S2,4.001800000000001,41.62820308769695,1,trans,Nc1c[nH]c2c1SC(=C1c3ccccn3->[Ir]<-n3ccccc31)S2,Cn1cccc1C=N1->[Ir]<-n2ccccc2CC1,0.2553191489361702,log P - G parameter,True,uncond_bi-min10k-8867,cond_bi-isolated_ligands-O6_optimized-uncond_bi-min10k-8867,High log P,O6,True
2,Cc1cccn2->[Ir]<-n3c(-c4ccccc4)cccc3-c12,4.119020000000004,43.09247174916441,1,trans,Cc1cccn2->[Ir]<-n3c(-c4ccccc4)cccc3-c12,Cc1cccn2->[Ir]<-SC(C)C(S)c12,0.2179487179487179,log P - G parameter,True,uncond_bi-min10k-7985,cond_bi-isolated_ligands-O6_optimized-uncond_bi-min10k-7985,High log P,O6,True
3,Cc1ccc(O)c(-c2ccn3->[Ir]<-n4ccccc4-c3c2)c1,3.824620000000003,35.333439439758074,1,trans,Cc1ccc(O)c(-c2ccn3->[Ir]<-n4ccccc4-c3c2)c1,Cc1cc(C)c(N2->[Ir]<-Oc3cccnc32)c(O)c1,0.2444444444444444,log P - G parameter,True,uncond_bi-min10k-8799,cond_bi-isolated_ligands-O6_optimized-uncond_bi-min10k-8799,High log P,O6,True
4,CN1->[Ir]<-N(c2ccccc2)=C2C=CC3(C=CC=CC3)C=12,3.902200000000003,36.781792137513925,1,cis,CN1->[Ir]<-N(c2ccccc2)=C2C=CC3(C=CC=CC3)C=12,CN1(C)->[Ir]<-N(Cc2ccccc2)CCC1,0.2,log P - G parameter,True,uncond_bi-min10k-9691,cond_bi-isolated_ligands-O6_optimized-uncond_bi-min10k-9691,High log P,O6,True
5,c1ccc(-c2c3n(->[Ir]<-n4ccccc4-3)nc3ccccc23)cc1,4.358800000000002,35.4368932038835,1,cis,c1ccc(-c2c3n(->[Ir]<-n4ccccc4-3)nc3ccccc23)cc1,C1=N(Cc2cccc3ccccc23)->[Ir]<-n2ccccc21,0.4333333333333333,log P - G parameter,True,uncond_bi-min10k-9545,cond_bi-isolated_ligands-O6_optimized-uncond_bi-min10k-9545,High log P,O6,True
6,Fc1cccc(N2->[Ir]<-O=C3CCC4(C=CC=CC4)C=23)c1,3.763600000000003,36.089447716059205,1,trans,Fc1cccc(N2->[Ir]<-O=C3CCC4(C=CC=CC4)C=23)c1,CCN1(C)->[Ir]<-N(=Cc2cccc(F)c2)CC1,0.238095238095238,log P - G parameter,True,uncond_bi-min10k-7742,cond_bi-isolated_ligands-O6_optimized-uncond_bi-min10k-7742,High log P,O6,True
7,Cc1c(O)cccc1-c1ccc2n(->[Ir]<-n3ccccc3-2)c1,3.824620000000003,36.12127964348241,1,trans,Cc1c(O)cccc1-c1ccc2n(->[Ir]<-n3ccccc3-2)c1,CCc1ccccc1[Se]C(C)N1->[Ir]<-n2ccccc2C1,0.2659574468085106,log P - G parameter,True,uncond_bi-min10k-8568,cond_bi-isolated_ligands-O6_optimized-uncond_bi-min10k-8568,High log P,O6,True
8,Cc1ccc2n(->[Ir]<-N(c3cccc(C)c3C)C2)c1,3.618960000000002,38.50867420022283,1,trans,Cc1ccc2n(->[Ir]<-N(c3cccc(C)c3C)C2)c1,Cc1cncc2c1N(Cc1ccccc1)->[Ir]<-S2,0.216867469879518,log P - G parameter,True,uncond_bi-min10k-9703,cond_bi-isolated_ligands-O6_optimized-uncond_bi-min10k-9703,High log P,O6,True
9,Clc1cc2c(cc1-c1ccccc1)=N(c1ccccc1)->[Ir]<-O=2,4.5481000000000025,43.983765717014165,1,cis,Clc1cc2c(cc1-c1ccccc1)=N(c1ccccc1)->[Ir]<-O=2,Clc1cn2->[Ir]<-N=CC(c3ccccc3)c2s1,0.2444444444444444,log P - G parameter,True,uncond_bi-min10k-7314,cond_bi-isolated_ligands-O6_optimized-uncond_bi-min10k-7314,High log P,O6,True
0,CSc1cc(-c2ccccc2)cn2->[Ir]<-n3ccccc3-c12,4.532500000000003,36.089447716059205,1,trans,CSc1cc(-c2ccccc2)cn2->[Ir]<-n3ccccc3-c12,c1ccn2->[Ir]<-n3(ccnc3)-c2c1,0.225,log P + G parameter,True,uncond_bi-min10k-8405,cond_bi-isolated_ligands-O7_optimized-uncond_bi-min10k-8405,High log P,O7,True
1,Fc1ccc(N2->[Ir]<-n3ccc(Br)cc3C2)cc1,3.5953000000000026,38.21422887155817,1,cis,Fc1ccc(N2->[Ir]<-n3ccc(Br)cc3C2)cc1,FC1=O->[Ir]<-n2ccccc21,0.2,log P + G parameter,True,uncond_bi-min10k-2547,cond_bi-isolated_ligands-O7_optimized-uncond_bi-min10k-2547,High log P,O7,True
2,c1ccc(NC2=S->[Ir]<-S=C2Nc2ccccc2)cc1,3.865400000000001,36.20085946204043,1,cis,c1ccc(NC2=S->[Ir]<-S=C2Nc2ccccc2)cc1,c1ccc(N2->[Ir]<-Nc3ncccc32)cc1,0.275,log P + G parameter,True,uncond_bi-min10k-4730,cond_bi-isolated_ligands-O7_optimized-uncond_bi-min10k-4730,High log P,O7,True
3,Brc1cccc(-n23->[Ir]<-n4ccccc4-c2ccn3)c1,3.6968000000000014,41.05522839407927,1,cis,Brc1cccc(-n23->[Ir]<-n4ccccc4-c2ccn3)c1,Brc1cccc(N2->[Ir]<-n3(cnnc3)-c3ccncc32)c1,0.3218390804597701,log P + G parameter,True,uncond_bi-min10k-3370,cond_bi-isolated_ligands-O7_optimized-uncond_bi-min10k-3370,High log P,O7,True
4,Nc1c[nH]c2c1SC(=C1c3ccccn3->[Ir]<-n3ccccc31)S2,4.001800000000001,41.62820308769695,1,trans,Nc1c[nH]c2c1SC(=C1c3ccccn3->[Ir]<-n3ccccc31)S2,Nc1ccn2->[Ir]<-N(c3ccncc3)=Nc2c1,0.2105263157894736,log P + G parameter,True,uncond_bi-min10k-8867,cond_bi-isolated_ligands-O7_optimized-uncond_bi-min10k-8867,High log P,O7,True
5,Cc1c(O)cccc1-c1ccc2n(->[Ir]<-n3ccccc3-2)c1,3.824620000000003,36.12127964348241,1,trans,Cc1c(O)cccc1-c1ccc2n(->[Ir]<-n3ccccc3-2)c1,c1ccc(-c2ccnc3c2N->[Ir]<-N3)cc1,0.2470588235294117,log P + G parameter,True,uncond_bi-min10k-8568,cond_bi-isolated_ligands-O7_optimized-uncond_bi-min10k-8568,High log P,O7,True
6,CN1->[Ir]<-N(c2ccccc2)=C2C=CC3(C=CC=CC3)C=12,3.902200000000003,36.781792137513925,1,cis,CN1->[Ir]<-N(c2ccccc2)=C2C=CC3(C=CC=CC3)C=12,c1ccc(N2->[Ir]<-n3ccccc32)cc1,0.2625,log P + G parameter,True,uncond_bi-min10k-9691,cond_bi-isolated_ligands-O7_optimized-uncond_bi-min10k-9691,High log P,O7,True
7,O=Cc1ccccc1C=N1->[Ir]<-N(=Cc2ccccc2Cl)CC1,3.690500000000003,37.88795161547032,1,trans,O=Cc1ccccc1C=N1->[Ir]<-N(=Cc2ccccc2Cl)CC1,O=C(c1ccccc1)N1->[Ir]<-Nc2ncccc21,0.2391304347826087,log P + G parameter,True,uncond_bi-min10k-9751,cond_bi-isolated_ligands-O7_optimized-uncond_bi-min10k-9751,High log P,O7,True
8,Cc1ccc(O)c(-c2ccn3->[Ir]<-n4ccccc4-c3c2)c1,3.824620000000003,35.333439439758074,1,trans,Cc1ccc(O)c(-c2ccn3->[Ir]<-n4ccccc4-c3c2)c1,Oc1ccccc1-c1cn2->[Ir]<-n3ccccc3-c2[nH]1,0.4810126582278481,log P + G parameter,True,uncond_bi-min10k-8799,cond_bi-isolated_ligands-O7_optimized-uncond_bi-min10k-8799,High log P,O7,True
9,Fc1cccc(N2->[Ir]<-O=C3CCC4(C=CC=CC4)C=23)c1,3.763600000000003,36.089447716059205,1,trans,Fc1cccc(N2->[Ir]<-O=C3CCC4(C=CC=CC4)C=23)c1,Fc1cccc(N2->[Ir]<-Nc3ncccc32)c1,0.2619047619047619,log P + G parameter,True,uncond_bi-min10k-7742,cond_bi-isolated_ligands-O7_optimized-uncond_bi-min10k-7742,High log P,O7,True
0,Fc1cccc(N2->[Ir]<-O=C3CCC4(C=CC=CC4)C=23)c1,3.763600000000003,36.089447716059205,1,trans,Fc1cccc(N2->[Ir]<-O=C3CCC4(C=CC=CC4)C=23)c1,Fc1ccc(F)c(N2->[Ir]<-Nc3ncccc32)c1,0.2134831460674157,log P - G parameter,False,uncond_bi-min10k-7742,cond_bi-isolated_ligands-O8_optimized-uncond_bi-min10k-7742,High log P,O8,True
1,O=Cc1ccccc1C=N1->[Ir]<-N(=Cc2ccccc2Cl)CC1,3.690500000000003,37.88795161547032,1,trans,O=Cc1ccccc1C=N1->[Ir]<-N(=Cc2ccccc2Cl)CC1,c1cnc2c(c1)N1(->[Ir]<-N2)CCCc2cc3ccccc3cc21,0.2149532710280373,log P - G parameter,False,uncond_bi-min10k-9751,cond_bi-isolated_ligands-O8_optimized-uncond_bi-min10k-9751,High log P,O8,True
2,Brc1cccc(-n23->[Ir]<-n4ccccc4-c2ccn3)c1,3.6968000000000014,41.05522839407927,1,cis,Brc1cccc(-n23->[Ir]<-n4ccccc4-c2ccn3)c1,Brc1cccc(N2->[Ir]<-n3(cnnc3)-c3ncccc32)c1,0.3372093023255814,log P - G parameter,False,uncond_bi-min10k-3370,cond_bi-isolated_ligands-O8_optimized-uncond_bi-min10k-3370,High log P,O8,True
3,CSc1cc(-c2ccccc2)cn2->[Ir]<-n3ccccc3-c12,4.532500000000003,36.089447716059205,1,trans,CSc1cc(-c2ccccc2)cn2->[Ir]<-n3ccccc3-c12,Sc1cc(-c2ccccc2)c2n(->[Ir]<-n3ccccc3-2)c1,0.6805555555555556,log P - G parameter,False,uncond_bi-min10k-8405,cond_bi-isolated_ligands-O8_optimized-uncond_bi-min10k-8405,High log P,O8,True
4,CN1->[Ir]<-N(c2ccccc2)=C2C=CC3(C=CC=CC3)C=12,3.902200000000003,36.781792137513925,1,cis,CN1->[Ir]<-N(c2ccccc2)=C2C=CC3(C=CC=CC3)C=12,C1=CCC2(C=C1)N->[Ir]<-N2c1ccccc1,0.3866666666666666,log P - G parameter,False,uncond_bi-min10k-9691,cond_bi-isolated_ligands-O8_optimized-uncond_bi-min10k-9691,High log P,O8,True
5,Nc1c[nH]c2c1SC(=C1c3ccccn3->[Ir]<-n3ccccc31)S2,4.001800000000001,41.62820308769695,1,trans,Nc1c[nH]c2c1SC(=C1c3ccccn3->[Ir]<-n3ccccc31)S2,Fc1ccc(N2->[Ir]<-n3ccccc3N=2)c2[nH]cnc12,0.2783505154639175,log P - G parameter,False,uncond_bi-min10k-8867,cond_bi-isolated_ligands-O8_optimized-uncond_bi-min10k-8867,High log P,O8,True
6,Cc1cccn2->[Ir]<-n3c(-c4ccccc4)cccc3-c12,4.119020000000004,43.09247174916441,1,trans,Cc1cccn2->[Ir]<-n3c(-c4ccccc4)cccc3-c12,c1ccc(-c2cn3(->[Ir]<-n4ccccc4-3)cn2)cc1,0.4125,log P - G parameter,False,uncond_bi-min10k-7985,cond_bi-isolated_ligands-O8_optimized-uncond_bi-min10k-7985,High log P,O8,True
7,c1ccc(-c2c3n(->[Ir]<-n4ccccc4-3)nc3ccccc23)cc1,4.358800000000002,35.4368932038835,1,cis,c1ccc(-c2c3n(->[Ir]<-n4ccccc4-3)nc3ccccc23)cc1,c1cnc2c(c1)N(Cc1cccc3ccccc13)->[Ir]<-N2,0.303030303030303,log P - G parameter,False,uncond_bi-min10k-9545,cond_bi-isolated_ligands-O8_optimized-uncond_bi-min10k-9545,High log P,O8,True
8,Cc1c(O)cccc1-c1ccc2n(->[Ir]<-n3ccccc3-2)c1,3.824620000000003,36.12127964348241,1,trans,Cc1c(O)cccc1-c1ccc2n(->[Ir]<-n3ccccc3-2)c1,c1ccc2c(-c3cnc4c(c3)N->[Ir]<-N4)cccc2c1,0.3111111111111111,log P - G parameter,False,uncond_bi-min10k-8568,cond_bi-isolated_ligands-O8_optimized-uncond_bi-min10k-8568,High log P,O8,True
9,Fc1ccc(N2->[Ir]<-n3ccc(Br)cc3C2)cc1,3.5953000000000026,38.21422887155817,1,cis,Fc1ccc(N2->[Ir]<-n3ccc(Br)cc3C2)cc1,Fc1ccc2nc3[nH](->[Ir]<-NC3)c2c1,0.2428571428571428,log P - G parameter,False,uncond_bi-min10k-2547,cond_bi-isolated_ligands-O8_optimized-uncond_bi-min10k-2547,High log P,O8,True
0,O=C(COC1=S->[Ir]<-S=C1)Nc1ccccc1,1.9688,56.11173006525545,1,cis,O=C(COC1=S->[Ir]<-S=C1)Nc1ccccc1,O=C(c1ccccc1Cl)N12->[Ir]<-n3ccccc3C1C=CC=C2,0.2065217391304347,log P,False,uncond_bi-min10k-1746,cond_bi-isolated_ligands-O1_optimized-uncond_bi-min10k-1746,High G parameter,O1,True
1,CC1(C)COC2(O1)P->[Ir]<-n1ccccc12,1.8924,49.76921852618176,1,cis,CC1(C)COC2(O1)P->[Ir]<-n1ccccc12,CC1(C)COC2(CS(c3ccccc3)->[Ir]<-P2)O1,0.4153846153846154,log P,False,uncond_bi-min10k-3538,cond_bi-isolated_ligands-O1_optimized-uncond_bi-min10k-3538,High G parameter,O1,True
2,COC(=O)c1ccccc1N1->[Ir]<-Oc2cnccc21,2.317400000000001,51.7587139901321,1,trans,COC(=O)c1ccccc1N1->[Ir]<-Oc2cnccc21,COc1ccccc1C1=S->[Ir]<-N(C(C)Br)=N1,0.2195121951219512,log P,False,uncond_bi-min10k-5349,cond_bi-isolated_ligands-O1_optimized-uncond_bi-min10k-5349,High G parameter,O1,True
3,C=CCS1->[Ir]<-S(CC=C)CC1,2.824800000000001,47.72401718924081,1,cis,C=CCS1->[Ir]<-S(CC=C)CC1,C=CCS1->[Ir]<-S(Cc2ccccc2)CC1C,0.2222222222222222,log P,False,uncond_bi-min10k-1651,cond_bi-isolated_ligands-O1_optimized-uncond_bi-min10k-1651,High G parameter,O1,True
4,C1=N->[Ir]<-n2c([nH]c3ccccc32)CN(c2ccccc2)C1,3.219070000000001,47.26245424160432,1,trans,C1=N->[Ir]<-n2c([nH]c3ccccc32)CN(c2ccccc2)C1,C1=N->[Ir]<-n2c([nH]c3ccccc32)CN(c2cccc3ccccc23)C1,0.7037037037037037,log P,False,uncond_bi-min10k-9808,cond_bi-isolated_ligands-O1_optimized-uncond_bi-min10k-9808,High G parameter,O1,True
5,Cn1cccc1-c1cccc2n1->[Ir]<-n1ccccc1-2,3.1491000000000016,44.62836224733408,1,cis,Cn1cccc1-c1cccc2n1->[Ir]<-n1ccccc1-2,Fc1ccccc1-c1cccc2n1->[Ir]<-n1ccccc1-2,0.6197183098591549,log P,False,uncond_bi-min10k-6144,cond_bi-isolated_ligands-O1_optimized-uncond_bi-min10k-6144,High G parameter,O1,True
6,COc1cccc(C2P->[Ir]<-n3ccccc32)c1,3.054700000000002,47.78768104408722,1,cis,COc1cccc(C2P->[Ir]<-n3ccccc32)c1,COc1cccc(-c2ccc3n(->[Ir]<-S(c4ccccc4)C3)c2)c1,0.3563218390804598,log P,False,uncond_bi-min10k-4743,cond_bi-isolated_ligands-O1_optimized-uncond_bi-min10k-4743,High G parameter,O1,True
7,SC1NCc2ccccn2->[Ir]<-n2ccccc21,2.1948,45.30479070507719,1,trans,SC1NCc2ccccn2->[Ir]<-n2ccccc21,Clc1cncc2c1-c1ccc3ccccc3n1->[Ir]<-N2,0.2045454545454545,log P,False,uncond_bi-min10k-4527,cond_bi-isolated_ligands-O1_optimized-uncond_bi-min10k-4527,High G parameter,O1,True
8,C=CC1(S)CS(C(=C)C)->[Ir]<-S1,2.9951000000000016,57.146267706509626,1,cis,C=CC1(S)CS(C(=C)C)->[Ir]<-S1,C=C(Br)S1->[Ir]<-SC(S)(C=C2C=CC=C3C=CC=CC32)C1,0.2835820895522388,log P,False,uncond_bi-min10k-993,cond_bi-isolated_ligands-O1_optimized-uncond_bi-min10k-993,High G parameter,O1,True
9,C1=NC(c2ccccc2)C2(C=N->[Ir]<-N2)O1,1.0907699999999998,45.71064777972306,1,cis,C1=NC(c2ccccc2)C2(C=N->[Ir]<-N2)O1,c1ccc(C2COC3=N2->[Ir]<-n2ccccc23)cc1,0.2857142857142857,log P,False,uncond_bi-min10k-2090,cond_bi-isolated_ligands-O1_optimized-uncond_bi-min10k-2090,High G parameter,O1,True
0,CC12C=CC3P1->[Ir]<-S=CC2(C)C3(P)P,2.828100000000002,50.0238739455674,1,trans,CC12C=CC3P1->[Ir]<-S=CC2(C)C3(P)P,CC12C=CC3(N)P1->[Ir]<-S=CC2(C)C3(C)P,0.4181818181818181,G parameter,False,uncond_bi-min10k-3880,cond_bi-isolated_ligands-O2_optimized-uncond_bi-min10k-3880,High G parameter,O2,True
1,COC(=O)c1ccccc1N1->[Ir]<-Oc2cnccc21,2.317400000000001,51.7587139901321,1,trans,COC(=O)c1ccccc1N1->[Ir]<-Oc2cnccc21,COC(=O)C1S->[Ir]<-N(C)c2ccccc21,0.3108108108108108,G parameter,False,uncond_bi-min10k-5349,cond_bi-isolated_ligands-O2_optimized-uncond_bi-min10k-5349,High G parameter,O2,True
2,C1=NC2(N->[Ir]<-n3ccccc32)C(c2ccccc2)O1,1.9929,47.22266433232532,1,cis,C1=NC2(N->[Ir]<-n3ccccc32)C(c2ccccc2)O1,CN1(C)->[Ir]<-NC2(C1)N=COC2c1ccccc1,0.4324324324324324,G parameter,False,uncond_bi-min10k-6263,cond_bi-isolated_ligands-O2_optimized-uncond_bi-min10k-6263,High G parameter,O2,True
3,Cn1cccc1-c1cccc2n1->[Ir]<-n1ccccc1-2,3.1491000000000016,44.62836224733408,1,cis,Cn1cccc1-c1cccc2n1->[Ir]<-n1ccccc1-2,CN1->[Ir]<-n2ccccc2S=1(=O)Cc1cccnc1,0.3170731707317073,G parameter,False,uncond_bi-min10k-6144,cond_bi-isolated_ligands-O2_optimized-uncond_bi-min10k-6144,High G parameter,O2,True
4,C=CC1(S)CS(C(=C)C)->[Ir]<-S1,2.9951000000000016,57.146267706509626,1,cis,C=CC1(S)CS(C(=C)C)->[Ir]<-S1,C=CCS1->[Ir]<-SC(C)(S)C1,0.3333333333333333,G parameter,False,uncond_bi-min10k-993,cond_bi-isolated_ligands-O2_optimized-uncond_bi-min10k-993,High G parameter,O2,True
0,CCC1OC=O->[Ir]<-OC12COC(C)C2,0.4778999999999997,45.19337895909597,1,cis,CCC1OC=O->[Ir]<-OC12COC(C)C2,CCC1CCC2(CO->[Ir]<-O=CO2)O1,0.3,log P,True,uncond_bi-min10k-4057,cond_bi-isolated_ligands-O3_optimized-uncond_bi-min10k-4057,High G parameter,O3,True
1,C1=N->[Ir]<-n2c([nH]c3ccccc32)CN(c2ccccc2)C1,3.219070000000001,47.26245424160432,1,trans,C1=N->[Ir]<-n2c([nH]c3ccccc32)CN(c2ccccc2)C1,C1=N->[Ir]<-n2c([nH]c3ccccc32)-c2c[nH]nc21,0.3734939759036144,log P,True,uncond_bi-min10k-9808,cond_bi-isolated_ligands-O3_optimized-uncond_bi-min10k-9808,High G parameter,O3,True
2,O=C(COC1=S->[Ir]<-S=C1)Nc1ccccc1,1.9688,56.11173006525545,1,cis,O=C(COC1=S->[Ir]<-S=C1)Nc1ccccc1,CN1(C(=O)CO)->[Ir]<-NC(c2ccccc2)C1,0.2602739726027397,log P,True,uncond_bi-min10k-1746,cond_bi-isolated_ligands-O3_optimized-uncond_bi-min10k-1746,High G parameter,O3,True
3,COC(=O)c1ccccc1N1->[Ir]<-Oc2cnccc21,2.317400000000001,51.7587139901321,1,trans,COC(=O)c1ccccc1N1->[Ir]<-Oc2cnccc21,COC(=O)CN1->[Ir]<-NCCC1(N)c1ccccc1,0.2470588235294117,log P,True,uncond_bi-min10k-5349,cond_bi-isolated_ligands-O3_optimized-uncond_bi-min10k-5349,High G parameter,O3,True
4,c1ccc(N23->[Ir]<-n4ccccc4C2CNC3)cc1,2.1899999999999995,44.198631227120806,1,trans,c1ccc(N23->[Ir]<-n4ccccc4C2CNC3)cc1,c1ccc(N2->[Ir]<-NCC23CCNC3)cc1,0.2375,log P,True,uncond_bi-min10k-6452,cond_bi-isolated_ligands-O3_optimized-uncond_bi-min10k-6452,High G parameter,O3,True
5,Cn1cccc1-c1cccc2n1->[Ir]<-n1ccccc1-2,3.1491000000000016,44.62836224733408,1,cis,Cn1cccc1-c1cccc2n1->[Ir]<-n1ccccc1-2,CNc1nccc2n1->[Ir]<-n1ccccc1-2,0.4492753623188406,log P,True,uncond_bi-min10k-6144,cond_bi-isolated_ligands-O3_optimized-uncond_bi-min10k-6144,High G parameter,O3,True
6,SC1NCc2ccccn2->[Ir]<-n2ccccc21,2.1948,45.30479070507719,1,trans,SC1NCc2ccccn2->[Ir]<-n2ccccc21,NC1NCCN->[Ir]<-n2ccccc21,0.3134328358208955,log P,True,uncond_bi-min10k-4527,cond_bi-isolated_ligands-O3_optimized-uncond_bi-min10k-4527,High G parameter,O3,True
7,Nc1nn2c(c1-c1ccccc1Br)P->[Ir]<-PC2,2.2278,50.18303358268344,1,cis,Nc1nn2c(c1-c1ccccc1Br)P->[Ir]<-PC2,CC(O)(c1ccccc1)c1c(N)cnn12->[Ir]<-NCN2,0.2117647058823529,log P,True,uncond_bi-min10k-3803,cond_bi-isolated_ligands-O3_optimized-uncond_bi-min10k-3803,High G parameter,O3,True
8,C1=NC(c2ccccc2)C2(C=N->[Ir]<-N2)O1,1.0907699999999998,45.71064777972306,1,cis,C1=NC(c2ccccc2)C2(C=N->[Ir]<-N2)O1,OCC1=NC2(C=N->[Ir]<-N2)CO1,0.2222222222222222,log P,True,uncond_bi-min10k-2090,cond_bi-isolated_ligands-O3_optimized-uncond_bi-min10k-2090,High G parameter,O3,True
0,O=C(COC1=S->[Ir]<-S=C1)Nc1ccccc1,1.9688,56.11173006525545,1,cis,O=C(COC1=S->[Ir]<-S=C1)Nc1ccccc1,O=C(OC1CN->[Ir]<-N1)c1ccccc1,0.2753623188405797,G parameter,True,uncond_bi-min10k-1746,cond_bi-isolated_ligands-O4_optimized-uncond_bi-min10k-1746,High G parameter,O4,True
1,COC(=O)c1ccccc1N1->[Ir]<-Oc2cnccc21,2.317400000000001,51.7587139901321,1,trans,COC(=O)c1ccccc1N1->[Ir]<-Oc2cnccc21,Oc1ccc2nc3[nH](->[Ir]<-n4ccccc4-3)c2c1,0.2352941176470588,G parameter,True,uncond_bi-min10k-5349,cond_bi-isolated_ligands-O4_optimized-uncond_bi-min10k-5349,High G parameter,O4,True
2,C1=NC2(N->[Ir]<-n3ccccc32)C(c2ccccc2)O1,1.9929,47.22266433232532,1,cis,C1=NC2(N->[Ir]<-n3ccccc32)C(c2ccccc2)O1,c1ccc2c(c1)OC1c3ccccn3->[Ir]<-N21,0.3636363636363636,G parameter,True,uncond_bi-min10k-6263,cond_bi-isolated_ligands-O4_optimized-uncond_bi-min10k-6263,High G parameter,O4,True
3,CC(O)S1->[Ir]<-SCC1(S)CO,0.6060999999999999,44.7875218844501,1,trans,CC(O)S1->[Ir]<-SCC1(S)CO,OCC1(S)CS->[Ir]<-S1C(O)F,0.7058823529411765,G parameter,True,uncond_bi-min10k-797,cond_bi-isolated_ligands-O4_optimized-uncond_bi-min10k-797,High G parameter,O4,True
4,CC1(C)OCC2(CCS3->[Ir]<-S(CCC3)C2)O1,2.768300000000001,46.17221072735954,1,cis,CC1(C)OCC2(CCS3->[Ir]<-S(CCC3)C2)O1,CC1(C)OC2CS3->[Ir]<-S(CC3)CC2O1,0.3230769230769231,G parameter,True,uncond_bi-min10k-9575,cond_bi-isolated_ligands-O4_optimized-uncond_bi-min10k-9575,High G parameter,O4,True
5,SC1NCc2ccccn2->[Ir]<-n2ccccc21,2.1948,45.30479070507719,1,trans,SC1NCc2ccccn2->[Ir]<-n2ccccc21,c1ccn2->[Ir]<-N3(CCCCC3)c2c1,0.2191780821917808,G parameter,True,uncond_bi-min10k-4527,cond_bi-isolated_ligands-O4_optimized-uncond_bi-min10k-4527,High G parameter,O4,True
6,COc1cccc(C2P->[Ir]<-n3ccccc32)c1,3.054700000000002,47.78768104408722,1,cis,COc1cccc(C2P->[Ir]<-n3ccccc32)c1,c1ccc(OC2=O->[Ir]<-NC2)cc1,0.2463768115942029,G parameter,True,uncond_bi-min10k-4743,cond_bi-isolated_ligands-O4_optimized-uncond_bi-min10k-4743,High G parameter,O4,True
7,Nc1nn2c(c1-c1ccccc1Br)P->[Ir]<-PC2,2.2278,50.18303358268344,1,cis,Nc1nn2c(c1-c1ccccc1Br)P->[Ir]<-PC2,c1cncc(C2=C3N->[Ir]<-N=C3Cc3ccccc32)c1,0.2325581395348837,G parameter,True,uncond_bi-min10k-3803,cond_bi-isolated_ligands-O4_optimized-uncond_bi-min10k-3803,High G parameter,O4,True
8,C=CC1(S)CS(C(=C)C)->[Ir]<-S1,2.9951000000000016,57.146267706509626,1,cis,C=CC1(S)CS(C(=C)C)->[Ir]<-S1,C=CC1(S)CS(C(=C)Br)->[Ir]<-S1,0.7058823529411765,G parameter,True,uncond_bi-min10k-993,cond_bi-isolated_ligands-O4_optimized-uncond_bi-min10k-993,High G parameter,O4,True
9,C1=NC(c2ccccc2)C2(C=N->[Ir]<-N2)O1,1.0907699999999998,45.71064777972306,1,cis,C1=NC(c2ccccc2)C2(C=N->[Ir]<-N2)O1,c1ccc2c(c1)N->[Ir]<-N2,0.2203389830508474,G parameter,True,uncond_bi-min10k-2090,cond_bi-isolated_ligands-O4_optimized-uncond_bi-min10k-2090,High G parameter,O4,True
0,C1=N->[Ir]<-n2c([nH]c3ccccc32)CN(c2ccccc2)C1,3.219070000000001,47.26245424160432,1,trans,C1=N->[Ir]<-n2c([nH]c3ccccc32)CN(c2ccccc2)C1,CC(=O)c1cncc2n1->[Ir]<-O=C(Nc1ccccc1)NN=C2C,0.2169811320754717,log P + G parameter,False,uncond_bi-min10k-9808,cond_bi-isolated_ligands-O5_optimized-uncond_bi-min10k-9808,High G parameter,O5,True
1,CC1(C)COC2(O1)P->[Ir]<-n1ccccc12,1.8924,49.76921852618176,1,cis,CC1(C)COC2(O1)P->[Ir]<-n1ccccc12,CC1(C)COC2(O1)P->[Ir]<-N1C=CC=CC12C,0.3333333333333333,log P + G parameter,False,uncond_bi-min10k-3538,cond_bi-isolated_ligands-O5_optimized-uncond_bi-min10k-3538,High G parameter,O5,True
2,COC(=O)c1ccccc1N1->[Ir]<-Oc2cnccc21,2.317400000000001,51.7587139901321,1,trans,COC(=O)c1ccccc1N1->[Ir]<-Oc2cnccc21,CC1=S->[Ir]<-N(c2ccccc2CO)=N1,0.2025316455696202,log P + G parameter,False,uncond_bi-min10k-5349,cond_bi-isolated_ligands-O5_optimized-uncond_bi-min10k-5349,High G parameter,O5,True
3,C=C(C)C1(S)CS(C(C)C)->[Ir]<-S1,3.2600000000000025,50.23078147381824,1,trans,C=C(C)C1(S)CS(C(C)C)->[Ir]<-S1,C=CC1(S)CS(C(C)(C)C)->[Ir]<-S1,0.2916666666666667,log P + G parameter,False,uncond_bi-min10k-3221,cond_bi-isolated_ligands-O5_optimized-uncond_bi-min10k-3221,High G parameter,O5,True
4,CC12C=CC3P1->[Ir]<-S=CC2(C)C3(P)P,2.828100000000002,50.0238739455674,1,trans,CC12C=CC3P1->[Ir]<-S=CC2(C)C3(P)P,CC1(C)CN=CN1C12C=CC3(C)CC1(C)C=S->[Ir]<-P32,0.2465753424657534,log P + G parameter,False,uncond_bi-min10k-3880,cond_bi-isolated_ligands-O5_optimized-uncond_bi-min10k-3880,High G parameter,O5,True
5,Cn1cccc1-c1cccc2n1->[Ir]<-n1ccccc1-2,3.1491000000000016,44.62836224733408,1,cis,Cn1cccc1-c1cccc2n1->[Ir]<-n1ccccc1-2,CN1->[Ir]<-n2ccccc2S=1(=O)Cc1ccccc1,0.3670886075949367,log P + G parameter,False,uncond_bi-min10k-6144,cond_bi-isolated_ligands-O5_optimized-uncond_bi-min10k-6144,High G parameter,O5,True
6,COc1cccc(C2P->[Ir]<-n3ccccc32)c1,3.054700000000002,47.78768104408722,1,cis,COc1cccc(C2P->[Ir]<-n3ccccc32)c1,NC1=N->[Ir]<-O=P1(c1ccccc1)c1cccc(CO)c1,0.2413793103448276,log P + G parameter,False,uncond_bi-min10k-4743,cond_bi-isolated_ligands-O5_optimized-uncond_bi-min10k-4743,High G parameter,O5,True
7,SC1NCc2ccccn2->[Ir]<-n2ccccc21,2.1948,45.30479070507719,1,trans,SC1NCc2ccccn2->[Ir]<-n2ccccc21,CN1(C)->[Ir]<-n2ccccc2C(S)NCC1,0.3939393939393939,log P + G parameter,False,uncond_bi-min10k-4527,cond_bi-isolated_ligands-O5_optimized-uncond_bi-min10k-4527,High G parameter,O5,True
8,C=CC1(S)CS(C(=C)C)->[Ir]<-S1,2.9951000000000016,57.146267706509626,1,cis,C=CC1(S)CS(C(=C)C)->[Ir]<-S1,C=CCS1->[Ir]<-S(CC(=C)C)CC1,0.2156862745098039,log P + G parameter,False,uncond_bi-min10k-993,cond_bi-isolated_ligands-O5_optimized-uncond_bi-min10k-993,High G parameter,O5,True
9,C1=NC(c2ccccc2)C2(C=N->[Ir]<-N2)O1,1.0907699999999998,45.71064777972306,1,cis,C1=NC(c2ccccc2)C2(C=N->[Ir]<-N2)O1,CC12N=COC1S->[Ir]<-S2Cc1ccccc1,0.2957746478873239,log P + G parameter,False,uncond_bi-min10k-2090,cond_bi-isolated_ligands-O5_optimized-uncond_bi-min10k-2090,High G parameter,O5,True
0,COc1cccc(C2P->[Ir]<-n3ccccc32)c1,3.054700000000002,47.78768104408722,1,cis,COc1cccc(C2P->[Ir]<-n3ccccc32)c1,SC1C=O->[Ir]<-O=CC1OCc1ccccc1,0.2125,log P - G parameter,True,uncond_bi-min10k-4743,cond_bi-isolated_ligands-O6_optimized-uncond_bi-min10k-4743,High G parameter,O6,True
1,C=C(C)C1(S)CS(C(C)C)->[Ir]<-S1,3.2600000000000025,50.23078147381824,1,trans,C=C(C)C1(S)CS(C(C)C)->[Ir]<-S1,C=CC1(S)CS(C(C)C)->[Ir]<-S1,0.5384615384615384,log P - G parameter,True,uncond_bi-min10k-3221,cond_bi-isolated_ligands-O6_optimized-uncond_bi-min10k-3221,High G parameter,O6,True
0,CC12C=CC3P1->[Ir]<-S=CC2(C)C3(P)P,2.828100000000002,50.0238739455674,1,trans,CC12C=CC3P1->[Ir]<-S=CC2(C)C3(P)P,CC12c3ncccc3C3C(C=S->[Ir]<-P31)C2(P)P,0.303030303030303,log P + G parameter,True,uncond_bi-min10k-3880,cond_bi-isolated_ligands-O7_optimized-uncond_bi-min10k-3880,High G parameter,O7,True
1,COC(=O)c1ccccc1N1->[Ir]<-Oc2cnccc21,2.317400000000001,51.7587139901321,1,trans,COC(=O)c1ccccc1N1->[Ir]<-Oc2cnccc21,OC(F)c1cccc2n1->[Ir]<-n1ccccc1-2,0.2023809523809523,log P + G parameter,True,uncond_bi-min10k-5349,cond_bi-isolated_ligands-O7_optimized-uncond_bi-min10k-5349,High G parameter,O7,True
2,O=C(COC1=S->[Ir]<-S=C1)Nc1ccccc1,1.9688,56.11173006525545,1,cis,O=C(COC1=S->[Ir]<-S=C1)Nc1ccccc1,O=C(OC1=O->[Ir]<-NC1)c1ccccc1,0.2941176470588235,log P + G parameter,True,uncond_bi-min10k-1746,cond_bi-isolated_ligands-O7_optimized-uncond_bi-min10k-1746,High G parameter,O7,True
3,NC12NC(Cl)=CN1C=[Be]->[Ir]<-n1ccccc12,0.6390900000000004,45.949387235397104,1,cis,NC12NC(Cl)=CN1C=[Be]->[Ir]<-n1ccccc12,NC1=C(Cl)N2->[Ir]<-n3ccccc3C2(Cl)N1,0.375,log P + G parameter,True,uncond_bi-min10k-984,cond_bi-isolated_ligands-O7_optimized-uncond_bi-min10k-984,High G parameter,O7,True
4,Cn1cccc1-c1cccc2n1->[Ir]<-n1ccccc1-2,3.1491000000000016,44.62836224733408,1,cis,Cn1cccc1-c1cccc2n1->[Ir]<-n1ccccc1-2,Cn1c(-c2ccccc2O)nn2->[Ir]<-n3ccccc3-c12,0.425,log P + G parameter,True,uncond_bi-min10k-6144,cond_bi-isolated_ligands-O7_optimized-uncond_bi-min10k-6144,High G parameter,O7,True
5,C1=N->[Ir]<-n2c([nH]c3ccccc32)CN(c2ccccc2)C1,3.219070000000001,47.26245424160432,1,trans,C1=N->[Ir]<-n2c([nH]c3ccccc32)CN(c2ccccc2)C1,c1ccc(N2->[Ir]<-NC3(CCCNC3)N=2)cc1,0.247191011235955,log P + G parameter,True,uncond_bi-min10k-9808,cond_bi-isolated_ligands-O7_optimized-uncond_bi-min10k-9808,High G parameter,O7,True
6,CCC1OC=O->[Ir]<-OC12COC(C)C2,0.4778999999999997,45.19337895909597,1,cis,CCC1OC=O->[Ir]<-OC12COC(C)C2,CCC1=O->[Ir]<-OC2CCOC2O1,0.2295081967213114,log P + G parameter,True,uncond_bi-min10k-4057,cond_bi-isolated_ligands-O7_optimized-uncond_bi-min10k-4057,High G parameter,O7,True
7,C1=NC(c2ccccc2)C2(C=N->[Ir]<-N2)O1,1.0907699999999998,45.71064777972306,1,cis,C1=NC(c2ccccc2)C2(C=N->[Ir]<-N2)O1,c1ccc(C2=NC3=N->[Ir]<-NC3O2)cc1,0.3181818181818182,log P + G parameter,True,uncond_bi-min10k-2090,cond_bi-isolated_ligands-O7_optimized-uncond_bi-min10k-2090,High G parameter,O7,True
8,COc1cccc(C2P->[Ir]<-n3ccccc32)c1,3.054700000000002,47.78768104408722,1,cis,COc1cccc(C2P->[Ir]<-n3ccccc32)c1,Oc1cccc(-c2cn3->[Ir]<-n4ccccc4-c3[nH]2)c1,0.325,log P + G parameter,True,uncond_bi-min10k-4743,cond_bi-isolated_ligands-O7_optimized-uncond_bi-min10k-4743,High G parameter,O7,True
9,CC(O)S1->[Ir]<-SCC1(S)CO,0.6060999999999999,44.7875218844501,1,trans,CC(O)S1->[Ir]<-SCC1(S)CO,OC(O)CS1->[Ir]<-SCC1(S)C(O)(O)C(F)F,0.2962962962962963,log P + G parameter,True,uncond_bi-min10k-797,cond_bi-isolated_ligands-O7_optimized-uncond_bi-min10k-797,High G parameter,O7,True
0,COc1cccc(C2P->[Ir]<-n3ccccc32)c1,3.054700000000002,47.78768104408722,1,cis,COc1cccc(C2P->[Ir]<-n3ccccc32)c1,c1ccn2->[Ir]<-n3c([nH]c4cc5ccccc5cc43)-c2c1,0.2941176470588235,log P - G parameter,False,uncond_bi-min10k-4743,cond_bi-isolated_ligands-O8_optimized-uncond_bi-min10k-4743,High G parameter,O8,True
1,NC12NC(Cl)=CN1C=[Be]->[Ir]<-n1ccccc12,0.6390900000000004,45.949387235397104,1,cis,NC12NC(Cl)=CN1C=[Be]->[Ir]<-n1ccccc12,Clc1ccc2c(c1)COC1=N2->[Ir]<-n2ccccc21,0.2692307692307692,log P - G parameter,False,uncond_bi-min10k-984,cond_bi-isolated_ligands-O8_optimized-uncond_bi-min10k-984,High G parameter,O8,True
2,CC12C=CC3P1->[Ir]<-S=CC2(C)C3(P)P,2.828100000000002,50.0238739455674,1,trans,CC12C=CC3P1->[Ir]<-S=CC2(C)C3(P)P,CC1=CC2C3C=S->[Ir]<-P2C1(C)C3(P)P,0.3571428571428571,log P - G parameter,False,uncond_bi-min10k-3880,cond_bi-isolated_ligands-O8_optimized-uncond_bi-min10k-3880,High G parameter,O8,True
3,O=C(COC1=S->[Ir]<-S=C1)Nc1ccccc1,1.9688,56.11173006525545,1,cis,O=C(COC1=S->[Ir]<-S=C1)Nc1ccccc1,O=C(OCc1ccn2->[Ir]<-n3ccccc3-c2c1)c1ccccc1,0.2365591397849462,log P - G parameter,False,uncond_bi-min10k-1746,cond_bi-isolated_ligands-O8_optimized-uncond_bi-min10k-1746,High G parameter,O8,True
4,CC1(C)COC2(O1)P->[Ir]<-n1ccccc12,1.8924,49.76921852618176,1,cis,CC1(C)COC2(O1)P->[Ir]<-n1ccccc12,SC1(c2cccnc2)N->[Ir]<-n2ccccc21,0.25,log P - G parameter,False,uncond_bi-min10k-3538,cond_bi-isolated_ligands-O8_optimized-uncond_bi-min10k-3538,High G parameter,O8,True
5,COC(=O)c1ccccc1N1->[Ir]<-Oc2cnccc21,2.317400000000001,51.7587139901321,1,trans,COC(=O)c1ccccc1N1->[Ir]<-Oc2cnccc21,Fc1ccc2c(c1)[nH]c1n2->[Ir]<-n2ccccc2-1,0.2068965517241379,log P - G parameter,False,uncond_bi-min10k-5349,cond_bi-isolated_ligands-O8_optimized-uncond_bi-min10k-5349,High G parameter,O8,True
6,c1ccc(N23->[Ir]<-n4ccccc4C2CNC3)cc1,2.1899999999999995,44.198631227120806,1,trans,c1ccc(N23->[Ir]<-n4ccccc4C2CNC3)cc1,c1ccc2c(c1)CCCC21N->[Ir]<-n2ccccc21,0.35,log P - G parameter,False,uncond_bi-min10k-6452,cond_bi-isolated_ligands-O8_optimized-uncond_bi-min10k-6452,High G parameter,O8,True
7,C1=NC2(N->[Ir]<-n3ccccc32)C(c2ccccc2)O1,1.9929,47.22266433232532,1,cis,C1=NC2(N->[Ir]<-n3ccccc32)C(c2ccccc2)O1,c1ccc(-c2cn3(->[Ir]<-Nc4ncccc4-3)cn2)cc1,0.2808988764044944,log P - G parameter,False,uncond_bi-min10k-6263,cond_bi-isolated_ligands-O8_optimized-uncond_bi-min10k-6263,High G parameter,O8,True
8,Nc1nn2c(c1-c1ccccc1Br)P->[Ir]<-PC2,2.2278,50.18303358268344,1,cis,Nc1nn2c(c1-c1ccccc1Br)P->[Ir]<-PC2,Brc1ccc2c3n(->[Ir]<-n4ccccc4-3)[nH]c2c1,0.2222222222222222,log P - G parameter,False,uncond_bi-min10k-3803,cond_bi-isolated_ligands-O8_optimized-uncond_bi-min10k-3803,High G parameter,O8,True
9,C=CC1(S)CS(C(=C)C)->[Ir]<-S1,2.9951000000000016,57.146267706509626,1,cis,C=CC1(S)CS(C(=C)C)->[Ir]<-S1,C=C(Br)S1->[Ir]<-SC(S)(C=C2C=c3ccccc3=CC2)C1,0.2835820895522388,log P - G parameter,False,uncond_bi-min10k-993,cond_bi-isolated_ligands-O8_optimized-uncond_bi-min10k-993,High G parameter,O8,True
0,NC1=CNC2(NC=S->[Ir]<-S=CN3C=CNC32N)N1,-1.9164999999999983,36.551010663695685,1,cis,NC1=CNC2(NC=S->[Ir]<-S=CN3C=CNC32N)N1,CN1C=S->[Ir]<-S=C2NC(N)=CN2c2ccccc21,0.2093023255813953,log P,False,uncond_bi-min10k-5139,cond_bi-isolated_ligands-O1_optimized-uncond_bi-min10k-5139,Low log P,O1,True
1,NC1NC(=N2->[Ir]<-N=CC23CC=CC=N3)NC1N,-1.518629999999999,40.6812032468566,1,trans,NC1NC(=N2->[Ir]<-N=CC23CC=CC=N3)NC1N,NC12C=CC=CC1NC(=N1->[Ir]<-N=C3C=CC=NC31)N2,0.2352941176470588,log P,False,uncond_bi-min10k-5601,cond_bi-isolated_ligands-O1_optimized-uncond_bi-min10k-5601,Low log P,O1,True
2,C1=NCC23C=N->[Ir]<-N12C=NC3,-0.23943,37.243355085150405,1,cis,C1=NCC23C=N->[Ir]<-N12C=NC3,C1=NCC2(C=N->[Ir]<-N2)N1,0.2244897959183673,log P,False,uncond_bi-min10k-270,cond_bi-isolated_ligands-O1_optimized-uncond_bi-min10k-270,Low log P,O1,True
3,NC1NC(Cl)NC12N->[Ir]<-n1ccccc12,-0.8068999999999991,39.03390100270571,1,trans,NC1NC(Cl)NC12N->[Ir]<-n1ccccc12,NC1NC(Cl)C2(N1)N->[Ir]<-n1ccccc12,0.72,log P,False,uncond_bi-min10k-2372,cond_bi-isolated_ligands-O1_optimized-uncond_bi-min10k-2372,Low log P,O1,True
4,NC1NC=NC12N->[Ir]<-n1ccccc12,-0.8905999999999985,37.227439121438806,1,trans,NC1NC=NC12N->[Ir]<-n1ccccc12,Cn1c2n(->[Ir]<-n3ccccc3-2)c2ccccc21,0.2133333333333333,log P,False,uncond_bi-min10k-1402,cond_bi-isolated_ligands-O1_optimized-uncond_bi-min10k-1402,Low log P,O1,True
5,c1ccn2->[Ir]<-NC3(CNCN3)c2c1,-0.6566000000000001,35.675632659557536,1,trans,c1ccn2->[Ir]<-NC3(CNCN3)c2c1,c1ccc2c(c1)NC1(N2)N->[Ir]<-n2ccccc21,0.3846153846153846,log P,False,uncond_bi-min10k-1621,cond_bi-isolated_ligands-O1_optimized-uncond_bi-min10k-1621,Low log P,O1,True
6,NC12CNCC1=O->[Ir]<-N2,-2.2276,34.505809326754736,1,cis,NC12CNCC1=O->[Ir]<-N2,NC1NCC2=O->[Ir]<-NC21,0.238095238095238,log P,False,uncond_bi-min10k-147,cond_bi-isolated_ligands-O1_optimized-uncond_bi-min10k-147,Low log P,O1,True
7,NC1CNCC2(N1)N->[Ir]<-N=C2c1cccnc1,-1.4179299999999984,35.24590163934426,1,cis,NC1CNCC2(N1)N->[Ir]<-N=C2c1cccnc1,CCN1CCNC2(c3cccnc3)N->[Ir]<-N=C12,0.3513513513513513,log P,False,uncond_bi-min10k-6756,cond_bi-isolated_ligands-O1_optimized-uncond_bi-min10k-6756,Low log P,O1,True
8,Nc1cnnn12->[Ir]<-Nc1ccncc1-2,-0.1733000000000001,38.3574725449626,1,trans,Nc1cnnn12->[Ir]<-Nc1ccncc1-2,c1ccc(-c2cccc3n2->[Ir]<-n2(Cc4cccnc4)nncc2-3)cc1,0.2210526315789473,log P,False,uncond_bi-min10k-675,cond_bi-isolated_ligands-O1_optimized-uncond_bi-min10k-675,Low log P,O1,True
9,c1ccn2->[Ir]<-NC3(CN=c4ccccc4=N3)c2c1,0.1460999999999999,37.49005252268025,1,trans,c1ccn2->[Ir]<-NC3(CN=c4ccccc4=N3)c2c1,C1=CC2N=c3ccccc3=N3->[Ir]<-n4ccccc4C23C=C1,0.3928571428571428,log P,False,uncond_bi-min10k-4192,cond_bi-isolated_ligands-O1_optimized-uncond_bi-min10k-4192,Low log P,O1,True
0,c1ccn2->[Ir]<-NC3(CN=c4ccccc4=N3)c2c1,0.1460999999999999,37.49005252268025,1,trans,c1ccn2->[Ir]<-NC3(CN=c4ccccc4=N3)c2c1,C1=N->[Ir]<-n2ccccc2C12NCCCN2,0.2531645569620253,G parameter,False,uncond_bi-min10k-4192,cond_bi-isolated_ligands-O2_optimized-uncond_bi-min10k-4192,Low log P,O2,True
1,NC1CNCC2(N1)N->[Ir]<-N=C2c1cccnc1,-1.4179299999999984,35.24590163934426,1,cis,NC1CNCC2(N1)N->[Ir]<-N=C2c1cccnc1,NC1CNCC2(N1)N->[Ir]<-N=C2C(=O)O,0.4590163934426229,G parameter,False,uncond_bi-min10k-6756,cond_bi-isolated_ligands-O2_optimized-uncond_bi-min10k-6756,Low log P,O2,True
2,CC1(C)NC12N->[Ir]<-NC2(C)C,-0.2394999999999991,36.089447716059205,1,trans,CC1(C)NC12N->[Ir]<-NC2(C)C,CC1(C)CC2N->[Ir]<-NC1C2(C)C,0.3043478260869565,G parameter,False,uncond_bi-min10k-2819,cond_bi-isolated_ligands-O2_optimized-uncond_bi-min10k-2819,Low log P,O2,True
3,Nc1cn2->[Ir]<-N3CNCC4(N)C=CC=CC34c2[nH]1,-0.8389999999999995,38.922489256724496,1,cis,Nc1cn2->[Ir]<-N3CNCC4(N)C=CC=CC34c2[nH]1,CC1(C)N=CNC12C(=O)C=N->[Ir]<-n1cc(N)[nH]c12,0.2592592592592592,G parameter,False,uncond_bi-min10k-7782,cond_bi-isolated_ligands-O2_optimized-uncond_bi-min10k-7782,Low log P,O2,True
4,COC(=O)CN1->[Ir]<-NCc2ncccc21,0.1252000000000001,41.06318637593506,1,trans,COC(=O)CN1->[Ir]<-NCc2ncccc21,CCOC(=O)CN1->[Ir]<-n2ccccc2CNCC1,0.2179487179487179,G parameter,False,uncond_bi-min10k-3223,cond_bi-isolated_ligands-O2_optimized-uncond_bi-min10k-3223,Low log P,O2,True
5,C=C1C=N->[Ir]<-n2c(N)c[nH]c21,-1.5359999999999994,40.21964029922012,1,cis,C=C1C=N->[Ir]<-n2c(N)c[nH]c21,C=C1C=N->[Ir]<-N(C(C)C)=C1C,0.3043478260869565,G parameter,False,uncond_bi-min10k-211,cond_bi-isolated_ligands-O2_optimized-uncond_bi-min10k-211,Low log P,O2,True
6,COC(=O)C1N->[Ir]<-[SeH]CC1[SeH],-1.5049000000000003,36.72608626452332,1,cis,COC(=O)C1N->[Ir]<-[SeH]CC1[SeH],CC(=O)C1C(O)[SeH]->[Ir]<-[SeH]C1[SeH],0.2040816326530612,G parameter,False,uncond_bi-min10k-720,cond_bi-isolated_ligands-O2_optimized-uncond_bi-min10k-720,Low log P,O2,True
0,c1ccn2->[Ir]<-NC3(CN=c4ccccc4=N3)c2c1,0.1460999999999999,37.49005252268025,1,trans,c1ccn2->[Ir]<-NC3(CN=c4ccccc4=N3)c2c1,c1ccn2->[Ir]<-n3ccncc3-c2c1,0.273972602739726,log P,True,uncond_bi-min10k-4192,cond_bi-isolated_ligands-O3_optimized-uncond_bi-min10k-4192,Low log P,O3,True
1,NC1CNCC2(N1)N->[Ir]<-N=C2c1cccnc1,-1.4179299999999984,35.24590163934426,1,cis,NC1CNCC2(N1)N->[Ir]<-N=C2c1cccnc1,CC1=N->[Ir]<-NC12CNCC(N)N2,0.5,log P,True,uncond_bi-min10k-6756,cond_bi-isolated_ligands-O3_optimized-uncond_bi-min10k-6756,Low log P,O3,True
2,NC1NC(Cl)NC12N->[Ir]<-n1ccccc12,-0.8068999999999991,39.03390100270571,1,trans,NC1NC(Cl)NC12N->[Ir]<-n1ccccc12,NC1NC2(NC1=O)N->[Ir]<-n1ccncc12,0.3230769230769231,log P,True,uncond_bi-min10k-2372,cond_bi-isolated_ligands-O3_optimized-uncond_bi-min10k-2372,Low log P,O3,True
3,NC12CNCC1=O->[Ir]<-N2,-2.2276,34.505809326754736,1,cis,NC12CNCC1=O->[Ir]<-N2,NC1CNCC12C=O->[Ir]<-N2,0.2790697674418604,log P,True,uncond_bi-min10k-147,cond_bi-isolated_ligands-O3_optimized-uncond_bi-min10k-147,Low log P,O3,True
4,Nc1cn2->[Ir]<-N3CNCC4(N)C=CC=CC34c2[nH]1,-0.8389999999999995,38.922489256724496,1,cis,Nc1cn2->[Ir]<-N3CNCC4(N)C=CC=CC34c2[nH]1,Nc1cn2->[Ir]<-NC3(CNC(N)NC3)c2[nH]1,0.3013698630136986,log P,True,uncond_bi-min10k-7782,cond_bi-isolated_ligands-O3_optimized-uncond_bi-min10k-7782,Low log P,O3,True
5,NC1NC=NC12N->[Ir]<-n1ccccc12,-0.8905999999999985,37.227439121438806,1,trans,NC1NC=NC12N->[Ir]<-n1ccccc12,NC1NC=NC12N->[Ir]<-NC21CCNC1,0.2424242424242424,log P,True,uncond_bi-min10k-1402,cond_bi-isolated_ligands-O3_optimized-uncond_bi-min10k-1402,Low log P,O3,True
6,NC1CNCC2(N1)N->[Ir]<-n1ccccc12,-1.329299999999998,37.25131306700621,1,cis,NC1CNCC2(N1)N->[Ir]<-n1ccccc12,NC1CNCC2(N1)N->[Ir]<-NC21CNCCN1,0.2638888888888889,log P,True,uncond_bi-min10k-4288,cond_bi-isolated_ligands-O3_optimized-uncond_bi-min10k-4288,Low log P,O3,True
7,COC(=O)CN1->[Ir]<-NCc2ncccc21,0.1252000000000001,41.06318637593506,1,trans,COC(=O)CN1->[Ir]<-NCc2ncccc21,COC(=O)CN1->[Ir]<-NCC(N)(C(=O)O)C1,0.2769230769230769,log P,True,uncond_bi-min10k-3223,cond_bi-isolated_ligands-O3_optimized-uncond_bi-min10k-3223,Low log P,O3,True
8,Nc1cnnn12->[Ir]<-Nc1ccncc1-2,-0.1733000000000001,38.3574725449626,1,trans,Nc1cnnn12->[Ir]<-Nc1ccncc1-2,Nc1cn2(->[Ir]<-Nc3ccncc3-2)nn1,0.5769230769230769,log P,True,uncond_bi-min10k-675,cond_bi-isolated_ligands-O3_optimized-uncond_bi-min10k-675,Low log P,O3,True
9,OC12NCC1(c1ccccc1)N->[Ir]<-N2,-0.9513999999999992,36.74996021009072,1,cis,OC12NCC1(c1ccccc1)N->[Ir]<-N2,OCCC12NCC1(O)N->[Ir]<-N2,0.2631578947368421,log P,True,uncond_bi-min10k-2608,cond_bi-isolated_ligands-O3_optimized-uncond_bi-min10k-2608,Low log P,O3,True
0,CC1(C)NC12N->[Ir]<-NC2(C)C,-0.2394999999999991,36.089447716059205,1,trans,CC1(C)NC12N->[Ir]<-NC2(C)C,CC1(C)CN->[Ir]<-N12CC2(C)C,0.2727272727272727,G parameter,True,uncond_bi-min10k-2819,cond_bi-isolated_ligands-O4_optimized-uncond_bi-min10k-2819,Low log P,O4,True
1,NC12CNCC1=O->[Ir]<-N2,-2.2276,34.505809326754736,1,cis,NC12CNCC1=O->[Ir]<-N2,C1=O->[Ir]<-NC12CCNC2,0.2619047619047619,G parameter,True,uncond_bi-min10k-147,cond_bi-isolated_ligands-O4_optimized-uncond_bi-min10k-147,Low log P,O4,True
2,COC(=O)C1N->[Ir]<-[SeH]CC1[SeH],-1.5049000000000003,36.72608626452332,1,cis,COC(=O)C1N->[Ir]<-[SeH]CC1[SeH],COC(=O)C1CN->[Ir]<-[Se](C)C1,0.2765957446808511,G parameter,True,uncond_bi-min10k-720,cond_bi-isolated_ligands-O4_optimized-uncond_bi-min10k-720,Low log P,O4,True
3,Nc1cnnn12->[Ir]<-Nc1ccncc1-2,-0.1733000000000001,38.3574725449626,1,trans,Nc1cnnn12->[Ir]<-Nc1ccncc1-2,c1cc2c(cn1)N->[Ir]<-N21CCCCC1,0.3174603174603174,G parameter,True,uncond_bi-min10k-675,cond_bi-isolated_ligands-O4_optimized-uncond_bi-min10k-675,Low log P,O4,True
0,NC1=CNC2(NC=S->[Ir]<-S=CN3C=CNC32N)N1,-1.9164999999999983,36.551010663695685,1,cis,NC1=CNC2(NC=S->[Ir]<-S=CN3C=CNC32N)N1,NC12NC=CN1C=S->[Ir]<-S=CN1C=CNC12N,0.4852941176470588,log P + G parameter,False,uncond_bi-min10k-5139,cond_bi-isolated_ligands-O5_optimized-uncond_bi-min10k-5139,Low log P,O5,True
1,CC1(C)NC12N->[Ir]<-NC2(C)C,-0.2394999999999991,36.089447716059205,1,trans,CC1(C)NC12N->[Ir]<-NC2(C)C,CC1(C)N->[Ir]<-NC(C)(C)C1(C)C,0.5263157894736842,log P + G parameter,False,uncond_bi-min10k-2819,cond_bi-isolated_ligands-O5_optimized-uncond_bi-min10k-2819,Low log P,O5,True
2,NC12CNCC1=O->[Ir]<-N2,-2.2276,34.505809326754736,1,cis,NC12CNCC1=O->[Ir]<-N2,NC1C(=S)CCN1C1=O->[Ir]<-NC12CCNC2,0.2631578947368421,log P + G parameter,False,uncond_bi-min10k-147,cond_bi-isolated_ligands-O5_optimized-uncond_bi-min10k-147,Low log P,O5,True
3,NC1NC(=N2->[Ir]<-N=CC23CC=CC=N3)NC1N,-1.518629999999999,40.6812032468566,1,trans,NC1NC(=N2->[Ir]<-N=CC23CC=CC=N3)NC1N,CN1C(=N2->[Ir]<-N=CC23CC=CC=N3)CNC1N,0.53125,log P + G parameter,False,uncond_bi-min10k-5601,cond_bi-isolated_ligands-O5_optimized-uncond_bi-min10k-5601,Low log P,O5,True
4,NC1NC(Cl)NC12N->[Ir]<-n1ccccc12,-0.8068999999999991,39.03390100270571,1,trans,NC1NC(Cl)NC12N->[Ir]<-n1ccccc12,CC1CN->[Ir]<-N(Cc2ccccc2)CC(C)(N)N1,0.2051282051282051,log P + G parameter,False,uncond_bi-min10k-2372,cond_bi-isolated_ligands-O5_optimized-uncond_bi-min10k-2372,Low log P,O5,True
5,NC1CNCC2(N1)N->[Ir]<-n1ccccc12,-1.329299999999998,37.25131306700621,1,cis,NC1CNCC2(N1)N->[Ir]<-n1ccccc12,CCN1->[Ir]<-n2ccccc2C(C)NC(C)(C)C1,0.2816901408450704,log P + G parameter,False,uncond_bi-min10k-4288,cond_bi-isolated_ligands-O5_optimized-uncond_bi-min10k-4288,Low log P,O5,True
6,c1ccn2->[Ir]<-NC3(CN=c4ccccc4=N3)c2c1,0.1460999999999999,37.49005252268025,1,trans,c1ccn2->[Ir]<-NC3(CN=c4ccccc4=N3)c2c1,Cc1cccc2n1->[Ir]<-N(c1ccccc1)CCC2O,0.2674418604651162,log P + G parameter,False,uncond_bi-min10k-4192,cond_bi-isolated_ligands-O5_optimized-uncond_bi-min10k-4192,Low log P,O5,True
7,COC(=O)CN1->[Ir]<-NCc2ncccc21,0.1252000000000001,41.06318637593506,1,trans,COC(=O)CN1->[Ir]<-NCc2ncccc21,OCCN1->[Ir]<-n2ccccc2CNc2cccnc21,0.2073170731707317,log P + G parameter,False,uncond_bi-min10k-3223,cond_bi-isolated_ligands-O5_optimized-uncond_bi-min10k-3223,Low log P,O5,True
8,OC12NCC1(c1ccccc1)N->[Ir]<-N2,-0.9513999999999992,36.74996021009072,1,cis,OC12NCC1(c1ccccc1)N->[Ir]<-N2,CC(=O)C12CCC(C)(C1)N->[Ir]<-N2c1ccccc1,0.2777777777777778,log P + G parameter,False,uncond_bi-min10k-2608,cond_bi-isolated_ligands-O5_optimized-uncond_bi-min10k-2608,Low log P,O5,True
9,COC(=O)C1N->[Ir]<-[SeH]CC1[SeH],-1.5049000000000003,36.72608626452332,1,cis,COC(=O)C1N->[Ir]<-[SeH]CC1[SeH],CC(=O)C1C([SeH])[SeH]->[Ir]<-[SeH]C1[SeH],0.2040816326530612,log P + G parameter,False,uncond_bi-min10k-720,cond_bi-isolated_ligands-O5_optimized-uncond_bi-min10k-720,Low log P,O5,True
0,NC1NC(Cl)NC12N->[Ir]<-n1ccccc12,-0.8068999999999991,39.03390100270571,1,trans,NC1NC(Cl)NC12N->[Ir]<-n1ccccc12,CCN1->[Ir]<-n2ccccc2C(O)NCC1,0.2463768115942029,log P - G parameter,True,uncond_bi-min10k-2372,cond_bi-isolated_ligands-O6_optimized-uncond_bi-min10k-2372,Low log P,O6,True
1,C1=NCC23C=N->[Ir]<-N12C=NC3,-0.23943,37.243355085150405,1,cis,C1=NCC23C=N->[Ir]<-N12C=NC3,CC(C)N1C=NCC12C=N->[Ir]<-N2(C)C,0.2456140350877192,log P - G parameter,True,uncond_bi-min10k-270,cond_bi-isolated_ligands-O6_optimized-uncond_bi-min10k-270,Low log P,O6,True
2,COC(=O)CN1->[Ir]<-NCc2ncccc21,0.1252000000000001,41.06318637593506,1,trans,COC(=O)CN1->[Ir]<-NCc2ncccc21,CCOC(=O)CN1->[Ir]<-NCCNCC1,0.2028985507246377,log P - G parameter,True,uncond_bi-min10k-3223,cond_bi-isolated_ligands-O6_optimized-uncond_bi-min10k-3223,Low log P,O6,True
0,CC1(C)NC12N->[Ir]<-NC2(C)C,-0.2394999999999991,36.089447716059205,1,trans,CC1(C)NC12N->[Ir]<-NC2(C)C,CC1(C)NC12CN->[Ir]<-N2,0.3684210526315789,log P + G parameter,True,uncond_bi-min10k-2819,cond_bi-isolated_ligands-O7_optimized-uncond_bi-min10k-2819,Low log P,O7,True
1,NC12CNCC1=O->[Ir]<-N2,-2.2276,34.505809326754736,1,cis,NC12CNCC1=O->[Ir]<-N2,C1CC2(CN1)N->[Ir]<-N2,0.225,log P + G parameter,True,uncond_bi-min10k-147,cond_bi-isolated_ligands-O7_optimized-uncond_bi-min10k-147,Low log P,O7,True
2,NC1NC=NC12N->[Ir]<-n1ccccc12,-0.8905999999999985,37.227439121438806,1,trans,NC1NC=NC12N->[Ir]<-n1ccccc12,c1ccn2->[Ir]<-Nc2c1,0.3541666666666667,log P + G parameter,True,uncond_bi-min10k-1402,cond_bi-isolated_ligands-O7_optimized-uncond_bi-min10k-1402,Low log P,O7,True
3,NC1NC(=N2->[Ir]<-N=CC23CC=CC=N3)NC1N,-1.518629999999999,40.6812032468566,1,trans,NC1NC(=N2->[Ir]<-N=CC23CC=CC=N3)NC1N,NC1NC(=N2->[Ir]<-N=C3C=NCCC32)NC1N,0.3571428571428571,log P + G parameter,True,uncond_bi-min10k-5601,cond_bi-isolated_ligands-O7_optimized-uncond_bi-min10k-5601,Low log P,O7,True
4,NC1NC(Cl)NC12N->[Ir]<-n1ccccc12,-0.8068999999999991,39.03390100270571,1,trans,NC1NC(Cl)NC12N->[Ir]<-n1ccccc12,NC1NC2(NC1Cl)N->[Ir]<-n1ccccc12,0.5925925925925926,log P + G parameter,True,uncond_bi-min10k-2372,cond_bi-isolated_ligands-O7_optimized-uncond_bi-min10k-2372,Low log P,O7,True
5,COC(=O)CN1->[Ir]<-NCc2ncccc21,0.1252000000000001,41.06318637593506,1,trans,COC(=O)CN1->[Ir]<-NCc2ncccc21,COC(=O)CN1->[Ir]<-Nc2ncccc21,0.66,log P + G parameter,True,uncond_bi-min10k-3223,cond_bi-isolated_ligands-O7_optimized-uncond_bi-min10k-3223,Low log P,O7,True
6,c1ccn2->[Ir]<-NC3(CN=c4ccccc4=N3)c2c1,0.1460999999999999,37.49005252268025,1,trans,c1ccn2->[Ir]<-NC3(CN=c4ccccc4=N3)c2c1,C1=CC2=NC3(CN=C2CC1)N->[Ir]<-n1ccccc13,0.5428571428571428,log P + G parameter,True,uncond_bi-min10k-4192,cond_bi-isolated_ligands-O7_optimized-uncond_bi-min10k-4192,Low log P,O7,True
7,OCC1N->[Ir]<-n2ccccc21,0.0736999999999999,37.227439121438806,1,cis,OCC1N->[Ir]<-n2ccccc21,c1ccc(C23NC2N->[Ir]<-N3)nc1,0.2363636363636363,log P + G parameter,True,uncond_bi-min10k-560,cond_bi-isolated_ligands-O7_optimized-uncond_bi-min10k-560,Low log P,O7,True
8,OC12NCC1(c1ccccc1)N->[Ir]<-N2,-0.9513999999999992,36.74996021009072,1,cis,OC12NCC1(c1ccccc1)N->[Ir]<-N2,OC12CNC1(c1ccccc1)N->[Ir]<-N2,0.64,log P + G parameter,True,uncond_bi-min10k-2608,cond_bi-isolated_ligands-O7_optimized-uncond_bi-min10k-2608,Low log P,O7,True
9,COC(=O)C1N->[Ir]<-[SeH]CC1[SeH],-1.5049000000000003,36.72608626452332,1,cis,COC(=O)C1N->[Ir]<-[SeH]CC1[SeH],COC(=O)C1CC2N->[Ir]<-NC2N1,0.3061224489795918,log P + G parameter,True,uncond_bi-min10k-720,cond_bi-isolated_ligands-O7_optimized-uncond_bi-min10k-720,Low log P,O7,True
1,NC1NC=NC12N->[Ir]<-n1ccccc12,-0.8905999999999985,37.227439121438806,1,trans,NC1NC=NC12N->[Ir]<-n1ccccc12,NC12NC=NC13C=CC=CN3->[Ir]<-N2,0.2153846153846154,log P - G parameter,False,uncond_bi-min10k-1402,cond_bi-isolated_ligands-O8_optimized-uncond_bi-min10k-1402,Low log P,O8,True
3,OCC1N->[Ir]<-n2ccccc21,0.0736999999999999,37.227439121438806,1,cis,OCC1N->[Ir]<-n2ccccc21,OC1C(c2ccccn2)CC2N->[Ir]<-NC21,0.2258064516129032,log P - G parameter,False,uncond_bi-min10k-560,cond_bi-isolated_ligands-O8_optimized-uncond_bi-min10k-560,Low log P,O8,True
4,COC(=O)C1N->[Ir]<-[SeH]CC1[SeH],-1.5049000000000003,36.72608626452332,1,cis,COC(=O)C1N->[Ir]<-[SeH]CC1[SeH],COC(=O)C1[SeH]->[Ir]<-NCC1[SeH],0.4634146341463415,log P - G parameter,False,uncond_bi-min10k-720,cond_bi-isolated_ligands-O8_optimized-uncond_bi-min10k-720,Low log P,O8,True
5,OC12NCC1(c1ccccc1)N->[Ir]<-N2,-0.9513999999999992,36.74996021009072,1,cis,OC12NCC1(c1ccccc1)N->[Ir]<-N2,OC12N->[Ir]<-NC1NC2c1ccccc1,0.3898305084745763,log P - G parameter,False,uncond_bi-min10k-2608,cond_bi-isolated_ligands-O8_optimized-uncond_bi-min10k-2608,Low log P,O8,True
0,c1cc2c(cn1)O->[Ir]<-N2,0.3694,31.09979309247175,1,cis,c1cc2c(cn1)O->[Ir]<-N2,c1cnc2c(c1)N->[Ir]<-O2,0.4594594594594595,log P,False,uncond_bi-min10k-52,cond_bi-isolated_ligands-O1_optimized-uncond_bi-min10k-52,Low G parameter,O1,True
1,C1=CC2(C=N->[Ir]<-N2)CCC1c1ccccc1,2.467270000000001,34.21932197994589,1,cis,C1=CC2(C=N->[Ir]<-N2)CCC1c1ccccc1,C1=CC2(N->[Ir]<-n3ccccc32)C(c2ccccc2)CC1,0.3670886075949367,log P,False,uncond_bi-min10k-5724,cond_bi-isolated_ligands-O1_optimized-uncond_bi-min10k-5724,Low G parameter,O1,True
2,CCOC(=O)c1c(C)[nH]n2->[Ir]<-n3ccccc3-c12,1.95682,34.2989017985039,1,cis,CCOC(=O)c1c(C)[nH]n2->[Ir]<-n3ccccc3-c12,Cc1sccc1-c1cc2n(->[Ir]<-n3ccccc3-2)[nH]1,0.3866666666666666,log P,False,uncond_bi-min10k-5146,cond_bi-isolated_ligands-O1_optimized-uncond_bi-min10k-5146,Low G parameter,O1,True
3,Cc1ccc(NC2=O->[Ir]<-n3ccccc32)cc1,2.6423200000000007,33.97262454241604,1,trans,Cc1ccc(NC2=O->[Ir]<-n3ccccc32)cc1,Cc1ccc(NC2=S->[Ir]<-n3ccccc3N2)c(Cl)c1,0.3815789473684211,log P,False,uncond_bi-min10k-3423,cond_bi-isolated_ligands-O1_optimized-uncond_bi-min10k-3423,Low G parameter,O1,True
4,Oc1ccc(-c2nc3n(->[Ir]<-n4ccncc4-3)[nH]2)cc1,1.6342999999999994,34.13974216138787,1,cis,Oc1ccc(-c2nc3n(->[Ir]<-n4ccncc4-3)[nH]2)cc1,Oc1ccc(-c2nc3n(->[Ir]<-n4ccccc4-3)[nH]2)cc1,0.7230769230769231,log P,False,uncond_bi-min10k-3233,cond_bi-isolated_ligands-O1_optimized-uncond_bi-min10k-3233,Low G parameter,O1,True
5,CSC1=O->[Ir]<-n2ccccc21,1.5848,33.749801050453605,1,cis,CSC1=O->[Ir]<-n2ccccc21,CSc1ccccc1-c1ccn2->[Ir]<-n3ccccc3-c2c1,0.3055555555555556,log P,False,uncond_bi-min10k-149,cond_bi-isolated_ligands-O1_optimized-uncond_bi-min10k-149,Low G parameter,O1,True
6,Cc1ccc2n(->[Ir]<-O=C2)c1,1.20252,33.7020531593188,1,cis,Cc1ccc2n(->[Ir]<-O=C2)c1,Cc1ccc2n(->[Ir]<-n3cccc(-c4ccccc4)c3-2)c1,0.2571428571428571,log P,False,uncond_bi-min10k-110,cond_bi-isolated_ligands-O1_optimized-uncond_bi-min10k-110,Low G parameter,O1,True
7,c1c[nH]c2nn3->[Ir]<-n4cccnc4-c3c-2c1,1.3664999999999998,34.33869170778291,1,cis,c1c[nH]c2nn3->[Ir]<-n4cccnc4-c3c-2c1,c1ccc(S2->[Ir]<-n3cc(-c4ncccn4)cn3CC2)cc1,0.2197802197802197,log P,False,uncond_bi-min10k-1014,cond_bi-isolated_ligands-O1_optimized-uncond_bi-min10k-1014,Low G parameter,O1,True
8,CCCCn1cc2n(->[Ir]<-n3ccccc3-2)n1,2.140199999999999,34.34664968963871,1,trans,CCCCn1cc2n(->[Ir]<-n3ccccc3-2)n1,CCc1ccccc1-c1cn2->[Ir]<-n3ccccc3-c2cc1C,0.3373493975903614,log P,False,uncond_bi-min10k-4218,cond_bi-isolated_ligands-O1_optimized-uncond_bi-min10k-4218,Low G parameter,O1,True
9,Cn1ccc(C2=O->[Ir]<-n3ccccc32)c1,1.6510999999999998,34.418271526340924,1,trans,Cn1ccc(C2=O->[Ir]<-n3ccccc32)c1,Fc1cc(C=N2->[Ir]<-n3ccccc3C2)ccc1Cl,0.2972972972972973,log P,False,uncond_bi-min10k-1784,cond_bi-isolated_ligands-O1_optimized-uncond_bi-min10k-1784,Low G parameter,O1,True
0,ON1->[Ir]<-N2=C(OC(C(F)(F)F)C2)C=1C(F)(F)F,1.7385,34.40235556262931,1,cis,ON1->[Ir]<-N2=C(OC(C(F)(F)F)C2)C=1C(F)(F)F,CC1(C)CN2->[Ir]<-N(O)=C(C(C)(C)C)C=2O1,0.2575757575757575,G parameter,False,uncond_bi-min10k-597,cond_bi-isolated_ligands-O2_optimized-uncond_bi-min10k-597,Low G parameter,O2,True
1,Cc1ccc(NC2=O->[Ir]<-n3ccccc32)cc1,2.6423200000000007,33.97262454241604,1,trans,Cc1ccc(NC2=O->[Ir]<-n3ccccc32)cc1,CN1->[Ir]<-S=C(Nc2ccc(-c3ccccc3)cc2)N1,0.358974358974359,G parameter,False,uncond_bi-min10k-3423,cond_bi-isolated_ligands-O2_optimized-uncond_bi-min10k-3423,Low G parameter,O2,True
2,Cc1ccc2n(->[Ir]<-O=C2)c1,1.20252,33.7020531593188,1,cis,Cc1ccc2n(->[Ir]<-O=C2)c1,CC1=O->[Ir]<-n2cccc(C)c2N1,0.26,G parameter,False,uncond_bi-min10k-110,cond_bi-isolated_ligands-O2_optimized-uncond_bi-min10k-110,Low G parameter,O2,True
3,CCCn1ccn2->[Ir]<-N(C)=Nc12,2.0066,33.86121279643483,1,trans,CCCn1ccn2->[Ir]<-N(C)=Nc12,CCCN1->[Ir]<-n2ccccc2C1C,0.2241379310344827,G parameter,False,uncond_bi-min10k-1065,cond_bi-isolated_ligands-O2_optimized-uncond_bi-min10k-1065,Low G parameter,O2,True
4,Oc1ccc(-c2nc3n(->[Ir]<-n4ccncc4-3)[nH]2)cc1,1.6342999999999994,34.13974216138787,1,cis,Oc1ccc(-c2nc3n(->[Ir]<-n4ccncc4-3)[nH]2)cc1,Oc1ccc(C2C=N->[Ir]<-n3cc[nH]c32)cc1,0.3205128205128205,G parameter,False,uncond_bi-min10k-3233,cond_bi-isolated_ligands-O2_optimized-uncond_bi-min10k-3233,Low G parameter,O2,True
5,CCOC(=O)c1c(C)[nH]n2->[Ir]<-n3ccccc3-c12,1.95682,34.2989017985039,1,cis,CCOC(=O)c1c(C)[nH]n2->[Ir]<-n3ccccc3-c12,CCOC1(C)C=N->[Ir]<-n2[nH]cc(C)c21,0.2,G parameter,False,uncond_bi-min10k-5146,cond_bi-isolated_ligands-O2_optimized-uncond_bi-min10k-5146,Low G parameter,O2,True
6,OC1=N->[Ir]<-O=C1c1ccccc1,1.40457,33.1052045201337,1,cis,OC1=N->[Ir]<-O=C1c1ccccc1,CN1->[Ir]<-NC2(N=C(CO)OC2c2ccccc2)N1,0.2794117647058823,G parameter,False,uncond_bi-min10k-217,cond_bi-isolated_ligands-O2_optimized-uncond_bi-min10k-217,Low G parameter,O2,True
7,CC(=O)OC1=O->[Ir]<-n2ccccc21,0.7848999999999999,33.61451535890498,1,cis,CC(=O)OC1=O->[Ir]<-n2ccccc21,CCN1->[Ir]<-n2ccccc2C1OCC(C)=O,0.3442622950819672,G parameter,False,uncond_bi-min10k-338,cond_bi-isolated_ligands-O2_optimized-uncond_bi-min10k-338,Low G parameter,O2,True
8,C1=CC2(C=N->[Ir]<-N2)CCC1c1ccccc1,2.467270000000001,34.21932197994589,1,cis,C1=CC2(C=N->[Ir]<-N2)CCC1c1ccccc1,CC1C=CC2(C=N->[Ir]<-N2)CC1c1ccccc1,0.6333333333333333,G parameter,False,uncond_bi-min10k-5724,cond_bi-isolated_ligands-O2_optimized-uncond_bi-min10k-5724,Low G parameter,O2,True
9,CCCCn1cc2n(->[Ir]<-n3ccccc3-2)n1,2.140199999999999,34.34664968963871,1,trans,CCCCn1cc2n(->[Ir]<-n3ccccc3-2)n1,CCCCN12->[Ir]<-N(O)=CC1(C)C=CC=C2,0.2027027027027027,G parameter,False,uncond_bi-min10k-4218,cond_bi-isolated_ligands-O2_optimized-uncond_bi-min10k-4218,Low G parameter,O2,True
0,Cn1ccc(C2=O->[Ir]<-n3ccccc32)c1,1.6510999999999998,34.418271526340924,1,trans,Cn1ccc(C2=O->[Ir]<-n3ccccc32)c1,Nc1c[nH]c(C2=O->[Ir]<-n3ccccc32)c1,0.4915254237288136,log P,True,uncond_bi-min10k-1784,cond_bi-isolated_ligands-O3_optimized-uncond_bi-min10k-1784,Low G parameter,O3,True
1,ON1->[Ir]<-N2=C(OC(C(F)(F)F)C2)C=1C(F)(F)F,1.7385,34.40235556262931,1,cis,ON1->[Ir]<-N2=C(OC(C(F)(F)F)C2)C=1C(F)(F)F,O=C(O)C1=N(O)->[Ir]<-N2=C1OCC2,0.2222222222222222,log P,True,uncond_bi-min10k-597,cond_bi-isolated_ligands-O3_optimized-uncond_bi-min10k-597,Low G parameter,O3,True
2,c1c[nH]c2nn3->[Ir]<-n4cccnc4-c3c-2c1,1.3664999999999998,34.33869170778291,1,cis,c1c[nH]c2nn3->[Ir]<-n4cccnc4-c3c-2c1,c1c[nH]c2nn3->[Ir]<-n4cnccc4-c3c-2c1,0.6271186440677966,log P,True,uncond_bi-min10k-1014,cond_bi-isolated_ligands-O3_optimized-uncond_bi-min10k-1014,Low G parameter,O3,True
3,Cc1ccc(NC2=O->[Ir]<-n3ccccc32)cc1,2.6423200000000007,33.97262454241604,1,trans,Cc1ccc(NC2=O->[Ir]<-n3ccccc32)cc1,CCNC1=O->[Ir]<-n2ccccc21,0.4912280701754385,log P,True,uncond_bi-min10k-3423,cond_bi-isolated_ligands-O3_optimized-uncond_bi-min10k-3423,Low G parameter,O3,True
4,CCCn1ccn2->[Ir]<-N(C)=Nc12,2.0066,33.86121279643483,1,trans,CCCn1ccn2->[Ir]<-N(C)=Nc12,CCCn1ccn2->[Ir]<-N(C)(C)Cc12,0.4285714285714285,log P,True,uncond_bi-min10k-1065,cond_bi-isolated_ligands-O3_optimized-uncond_bi-min10k-1065,Low G parameter,O3,True
5,Cc1con2->[Ir]<-n3occ(C)c3-c12,1.94644,33.88508674200223,1,cis,Cc1con2->[Ir]<-n3occ(C)c3-c12,Cc1cc2n(->[Ir]<-n3occ(C)c3-2)o1,0.574468085106383,log P,True,uncond_bi-min10k-549,cond_bi-isolated_ligands-O3_optimized-uncond_bi-min10k-549,Low G parameter,O3,True
6,CC(=O)OC1=O->[Ir]<-n2ccccc21,0.7848999999999999,33.61451535890498,1,cis,CC(=O)OC1=O->[Ir]<-n2ccccc21,CC(=O)OC1=O->[Ir]<-NC1N,0.2549019607843137,log P,True,uncond_bi-min10k-338,cond_bi-isolated_ligands-O3_optimized-uncond_bi-min10k-338,Low G parameter,O3,True
7,CC(C)Cc1ccn2->[Ir]<-N3=C(CCC3)c2c1,2.8630000000000013,34.33869170778291,1,cis,CC(C)Cc1ccn2->[Ir]<-N3=C(CCC3)c2c1,CC(C)CCN1->[Ir]<-n2ccccc2C=1,0.2647058823529412,log P,True,uncond_bi-min10k-7565,cond_bi-isolated_ligands-O3_optimized-uncond_bi-min10k-7565,Low G parameter,O3,True
8,C1=CC2(C=N->[Ir]<-N2)CCC1c1ccccc1,2.467270000000001,34.21932197994589,1,cis,C1=CC2(C=N->[Ir]<-N2)CCC1c1ccccc1,CC(C)C1C=CC2(C=N->[Ir]<-N2)CC1,0.4406779661016949,log P,True,uncond_bi-min10k-5724,cond_bi-isolated_ligands-O3_optimized-uncond_bi-min10k-5724,Low G parameter,O3,True
9,CCCCn1cc2n(->[Ir]<-n3ccccc3-2)n1,2.140199999999999,34.34664968963871,1,trans,CCCCn1cc2n(->[Ir]<-n3ccccc3-2)n1,CCCCn1cc2n(->[Ir]<-NC2C)n1,0.3770491803278688,log P,True,uncond_bi-min10k-4218,cond_bi-isolated_ligands-O3_optimized-uncond_bi-min10k-4218,Low G parameter,O3,True
0,c1c[nH]c2nn3->[Ir]<-n4cccnc4-c3c-2c1,1.3664999999999998,34.33869170778291,1,cis,c1c[nH]c2nn3->[Ir]<-n4cccnc4-c3c-2c1,c1cnc2c(c1)N->[Ir]<-n-21ccnc1,0.2253521126760563,G parameter,True,uncond_bi-min10k-1014,cond_bi-isolated_ligands-O4_optimized-uncond_bi-min10k-1014,Low G parameter,O4,True
2,Oc1ccc(-c2nc3n(->[Ir]<-n4ccncc4-3)[nH]2)cc1,1.6342999999999994,34.13974216138787,1,cis,Oc1ccc(-c2nc3n(->[Ir]<-n4ccncc4-3)[nH]2)cc1,Oc1ccc2nc3[nH](->[Ir]<-N3)c2c1,0.2133333333333333,G parameter,True,uncond_bi-min10k-3233,cond_bi-isolated_ligands-O4_optimized-uncond_bi-min10k-3233,Low G parameter,O4,True
3,CC(=O)OC1=O->[Ir]<-n2ccccc21,0.7848999999999999,33.61451535890498,1,cis,CC(=O)OC1=O->[Ir]<-n2ccccc21,c1ccn2->[Ir]<-NC3(CCCCN3)c2c1,0.234375,G parameter,True,uncond_bi-min10k-338,cond_bi-isolated_ligands-O4_optimized-uncond_bi-min10k-338,Low G parameter,O4,True
4,CC(C)Cc1ccn2->[Ir]<-N3=C(CCC3)c2c1,2.8630000000000013,34.33869170778291,1,cis,CC(C)Cc1ccn2->[Ir]<-N3=C(CCC3)c2c1,CC(C)c1ccn2->[Ir]<-N3=C(COCC3)c2c1,0.5081967213114754,G parameter,True,uncond_bi-min10k-7565,cond_bi-isolated_ligands-O4_optimized-uncond_bi-min10k-7565,Low G parameter,O4,True
0,c1cc2c(cn1)O->[Ir]<-N2,0.3694,31.09979309247175,1,cis,c1cc2c(cn1)O->[Ir]<-N2,Cc1cncc2c1N->[Ir]<-PO2,0.2040816326530612,log P + G parameter,False,uncond_bi-min10k-52,cond_bi-isolated_ligands-O5_optimized-uncond_bi-min10k-52,Low G parameter,O5,True
1,Cc1ccc2n(->[Ir]<-O=C2)c1,1.20252,33.7020531593188,1,cis,Cc1ccc2n(->[Ir]<-O=C2)c1,Cc1cccnc1C1=O->[Ir]<-n2ccccc21,0.2459016393442623,log P + G parameter,False,uncond_bi-min10k-110,cond_bi-isolated_ligands-O5_optimized-uncond_bi-min10k-110,Low G parameter,O5,True
2,CCCn1ccn2->[Ir]<-N(C)=Nc12,2.0066,33.86121279643483,1,trans,CCCn1ccn2->[Ir]<-N(C)=Nc12,CCCN1->[Ir]<-N=CC2NC=CC=12,0.2105263157894736,log P + G parameter,False,uncond_bi-min10k-1065,cond_bi-isolated_ligands-O5_optimized-uncond_bi-min10k-1065,Low G parameter,O5,True
3,CC(=O)OC1=O->[Ir]<-n2ccccc21,0.7848999999999999,33.61451535890498,1,cis,CC(=O)OC1=O->[Ir]<-n2ccccc21,CC(=O)COC1c2ccccn2->[Ir]<-N1c1ccccc1,0.3013698630136986,log P + G parameter,False,uncond_bi-min10k-338,cond_bi-isolated_ligands-O5_optimized-uncond_bi-min10k-338,Low G parameter,O5,True
4,Cc1ccc(NC2=O->[Ir]<-n3ccccc32)cc1,2.6423200000000007,33.97262454241604,1,trans,Cc1ccc(NC2=O->[Ir]<-n3ccccc32)cc1,Cc1ccc(N2->[Ir]<-PC3(C=CN=CC3)C=2)cc1,0.282051282051282,log P + G parameter,False,uncond_bi-min10k-3423,cond_bi-isolated_ligands-O5_optimized-uncond_bi-min10k-3423,Low G parameter,O5,True
5,Oc1ccc(-c2nc3n(->[Ir]<-n4ccncc4-3)[nH]2)cc1,1.6342999999999994,34.13974216138787,1,cis,Oc1ccc(-c2nc3n(->[Ir]<-n4ccncc4-3)[nH]2)cc1,CC1=N->[Ir]<-N=C(c2ccc(O)cc2)C12C=CC=CN2,0.3058823529411765,log P + G parameter,False,uncond_bi-min10k-3233,cond_bi-isolated_ligands-O5_optimized-uncond_bi-min10k-3233,Low G parameter,O5,True
6,Cn1ccc(C2=O->[Ir]<-n3ccccc32)c1,1.6510999999999998,34.418271526340924,1,trans,Cn1ccc(C2=O->[Ir]<-n3ccccc32)c1,CC1=S->[Ir]<-N(=Cc2ccn(C)c2)N1,0.2461538461538461,log P + G parameter,False,uncond_bi-min10k-1784,cond_bi-isolated_ligands-O5_optimized-uncond_bi-min10k-1784,Low G parameter,O5,True
7,CCOC(=O)c1c(C)[nH]n2->[Ir]<-n3ccccc3-c12,1.95682,34.2989017985039,1,cis,CCOC(=O)c1c(C)[nH]n2->[Ir]<-n3ccccc3-c12,CCOC(C)c1cn2n(->[Ir]<-Nc3ccccc3-2)c1,0.2409638554216867,log P + G parameter,False,uncond_bi-min10k-5146,cond_bi-isolated_ligands-O5_optimized-uncond_bi-min10k-5146,Low G parameter,O5,True
8,CC1CCC2N->[Ir]<-N(O)=C2C1,0.9639000000000002,34.11586821582047,1,trans,CC1CCC2N->[Ir]<-N(O)=C2C1,CC1CCC2(C=N(O)->[Ir]<-N2)CC1,0.3,log P + G parameter,False,uncond_bi-min10k-1785,cond_bi-isolated_ligands-O5_optimized-uncond_bi-min10k-1785,Low G parameter,O5,True
9,Brc1ccn2->[Ir]<-O=Cc2c1,1.6565999999999996,33.90100270571383,1,trans,Brc1ccn2->[Ir]<-O=Cc2c1,Brc1cc(CN2->[Ir]<-n3ccccc3C2)ccn1,0.2153846153846154,log P + G parameter,False,uncond_bi-min10k-29,cond_bi-isolated_ligands-O5_optimized-uncond_bi-min10k-29,Low G parameter,O5,True
0,Cn1ccc(C2=O->[Ir]<-n3ccccc32)c1,1.6510999999999998,34.418271526340924,1,trans,Cn1ccc(C2=O->[Ir]<-n3ccccc32)c1,CN1C=S->[Ir]<-N1=Cc1ccn(C)c1,0.2461538461538461,log P - G parameter,True,uncond_bi-min10k-1784,cond_bi-isolated_ligands-O6_optimized-uncond_bi-min10k-1784,Low G parameter,O6,True
1,Cc1ccc(NC2=O->[Ir]<-n3ccccc32)cc1,2.6423200000000007,33.97262454241604,1,trans,Cc1ccc(NC2=O->[Ir]<-n3ccccc32)cc1,CCN(C)c1ccc(C2=O->[Ir]<-n3ccccc32)cc1,0.4788732394366197,log P - G parameter,True,uncond_bi-min10k-3423,cond_bi-isolated_ligands-O6_optimized-uncond_bi-min10k-3423,Low G parameter,O6,True
2,CCCn1ccn2->[Ir]<-N(C)=Nc12,2.0066,33.86121279643483,1,trans,CCCn1ccn2->[Ir]<-N(C)=Nc12,CCCN1->[Ir]<-N=CC(C)(C)C=1,0.2307692307692307,log P - G parameter,True,uncond_bi-min10k-1065,cond_bi-isolated_ligands-O6_optimized-uncond_bi-min10k-1065,Low G parameter,O6,True
3,Cc1con2->[Ir]<-n3occ(C)c3-c12,1.94644,33.88508674200223,1,cis,Cc1con2->[Ir]<-n3occ(C)c3-c12,Cc1on2->[Ir]<-N(C(C)C)=Cc2c1C,0.2413793103448276,log P - G parameter,True,uncond_bi-min10k-549,cond_bi-isolated_ligands-O6_optimized-uncond_bi-min10k-549,Low G parameter,O6,True
4,CCOC(=O)c1c(C)[nH]n2->[Ir]<-n3ccccc3-c12,1.95682,34.2989017985039,1,cis,CCOC(=O)c1c(C)[nH]n2->[Ir]<-n3ccccc3-c12,CCOC(=O)C1=N->[Ir]<-n2(O)nccc21,0.2676056338028169,log P - G parameter,True,uncond_bi-min10k-5146,cond_bi-isolated_ligands-O6_optimized-uncond_bi-min10k-5146,Low G parameter,O6,True
5,Brc1ccn2->[Ir]<-O=Cc2c1,1.6565999999999996,33.90100270571383,1,trans,Brc1ccn2->[Ir]<-O=Cc2c1,Brc1ccnc(Cn23->[Ir]<-NCc2cnn3)c1,0.2063492063492063,log P - G parameter,True,uncond_bi-min10k-29,cond_bi-isolated_ligands-O6_optimized-uncond_bi-min10k-29,Low G parameter,O6,True
6,CCCCn1cc2n(->[Ir]<-n3ccccc3-2)n1,2.140199999999999,34.34664968963871,1,trans,CCCCn1cc2n(->[Ir]<-n3ccccc3-2)n1,CCCCNN1->[Ir]<-n2ccccc2C1C,0.3432835820895522,log P - G parameter,True,uncond_bi-min10k-4218,cond_bi-isolated_ligands-O6_optimized-uncond_bi-min10k-4218,Low G parameter,O6,True
1,CCCn1ccn2->[Ir]<-N(C)=Nc12,2.0066,33.86121279643483,1,trans,CCCn1ccn2->[Ir]<-N(C)=Nc12,CC(C)n1ccn2->[Ir]<-N(C)=Nc12,0.5227272727272727,log P + G parameter,True,uncond_bi-min10k-1065,cond_bi-isolated_ligands-O7_optimized-uncond_bi-min10k-1065,Low G parameter,O7,True
2,Oc1ccc(-c2nc3n(->[Ir]<-n4ccncc4-3)[nH]2)cc1,1.6342999999999994,34.13974216138787,1,cis,Oc1ccc(-c2nc3n(->[Ir]<-n4ccncc4-3)[nH]2)cc1,Oc1ccc(-c2cn3->[Ir]<-NCc3[nH]2)cc1,0.3513513513513513,log P + G parameter,True,uncond_bi-min10k-3233,cond_bi-isolated_ligands-O7_optimized-uncond_bi-min10k-3233,Low G parameter,O7,True
3,CCCCn1cc2n(->[Ir]<-n3ccccc3-2)n1,2.140199999999999,34.34664968963871,1,trans,CCCCn1cc2n(->[Ir]<-n3ccccc3-2)n1,C1=CC2c3ccccn3->[Ir]<-N2C=C1,0.2285714285714285,log P + G parameter,True,uncond_bi-min10k-4218,cond_bi-isolated_ligands-O7_optimized-uncond_bi-min10k-4218,Low G parameter,O7,True
5,CN1->[Ir]<-Nc2ncccc21,0.7055,34.13178417953208,1,trans,CN1->[Ir]<-Nc2ncccc21,c1cnc2c(c1)N->[Ir]<-N2,0.4358974358974359,log P + G parameter,True,uncond_bi-min10k-213,cond_bi-isolated_ligands-O7_optimized-uncond_bi-min10k-213,Low G parameter,O7,True
7,CC(C)Cc1ccn2->[Ir]<-N3=C(CCC3)c2c1,2.8630000000000013,34.33869170778291,1,cis,CC(C)Cc1ccn2->[Ir]<-N3=C(CCC3)c2c1,CC(C)C1=O->[Ir]<-n2ccccc21,0.25,log P + G parameter,True,uncond_bi-min10k-7565,cond_bi-isolated_ligands-O7_optimized-uncond_bi-min10k-7565,Low G parameter,O7,True
8,CC1CCC2N->[Ir]<-N(O)=C2C1,0.9639000000000002,34.11586821582047,1,trans,CC1CCC2N->[Ir]<-N(O)=C2C1,C1CCC2N->[Ir]<-N=C2C1,0.2083333333333333,log P + G parameter,True,uncond_bi-min10k-1785,cond_bi-isolated_ligands-O7_optimized-uncond_bi-min10k-1785,Low G parameter,O7,True
9,C1=CC2(C=N->[Ir]<-N2)CCC1c1ccccc1,2.467270000000001,34.21932197994589,1,cis,C1=CC2(C=N->[Ir]<-N2)CCC1c1ccccc1,C1=C2N->[Ir]<-O=C2CC(c2ccccc2)C1,0.3285714285714285,log P + G parameter,True,uncond_bi-min10k-5724,cond_bi-isolated_ligands-O7_optimized-uncond_bi-min10k-5724,Low G parameter,O7,True
0,Cn1ccc(C2=O->[Ir]<-n3ccccc32)c1,1.6510999999999998,34.418271526340924,1,trans,Cn1ccc(C2=O->[Ir]<-n3ccccc32)c1,Fc1ccccc1-c1ncc2[nH]1->[Ir]<-n1ccccc1-2,0.2987012987012987,log P - G parameter,False,uncond_bi-min10k-1784,cond_bi-isolated_ligands-O8_optimized-uncond_bi-min10k-1784,Low G parameter,O8,True
1,ON1->[Ir]<-N2=C(OC(C(F)(F)F)C2)C=1C(F)(F)F,1.7385,34.40235556262931,1,cis,ON1->[Ir]<-N2=C(OC(C(F)(F)F)C2)C=1C(F)(F)F,CC(F)(F)C12COC=N1->[Ir]<-n1[nH]c(C(F)(F)F)cc12,0.2837837837837837,log P - G parameter,False,uncond_bi-min10k-597,cond_bi-isolated_ligands-O8_optimized-uncond_bi-min10k-597,Low G parameter,O8,True
2,c1c[nH]c2nn3->[Ir]<-n4cccnc4-c3c-2c1,1.3664999999999998,34.33869170778291,1,cis,c1c[nH]c2nn3->[Ir]<-n4cccnc4-c3c-2c1,c1ccc2c(c1)CN1->[Ir]<-n3ccccc3C21,0.2151898734177215,log P - G parameter,False,uncond_bi-min10k-1014,cond_bi-isolated_ligands-O8_optimized-uncond_bi-min10k-1014,Low G parameter,O8,True
3,Cc1ccc2n(->[Ir]<-O=C2)c1,1.20252,33.7020531593188,1,cis,Cc1ccc2n(->[Ir]<-O=C2)c1,C1=O->[Ir]<-n2ccccc21,0.4736842105263157,log P - G parameter,False,uncond_bi-min10k-110,cond_bi-isolated_ligands-O8_optimized-uncond_bi-min10k-110,Low G parameter,O8,True
5,CCOC(=O)c1c(C)[nH]n2->[Ir]<-n3ccccc3-c12,1.95682,34.2989017985039,1,cis,CCOC(=O)c1c(C)[nH]n2->[Ir]<-n3ccccc3-c12,OC1=O->[Ir]<-n2ccccc21,0.2903225806451613,log P - G parameter,False,uncond_bi-min10k-5146,cond_bi-isolated_ligands-O8_optimized-uncond_bi-min10k-5146,Low G parameter,O8,True
6,CN1->[Ir]<-Nc2ncccc21,0.7055,34.13178417953208,1,trans,CN1->[Ir]<-Nc2ncccc21,c1cnc2c(c1)N->[Ir]<-N21CCCCC1,0.2678571428571428,log P - G parameter,False,uncond_bi-min10k-213,cond_bi-isolated_ligands-O8_optimized-uncond_bi-min10k-213,Low G parameter,O8,True
7,CC(=O)OC1=O->[Ir]<-n2ccccc21,0.7848999999999999,33.61451535890498,1,cis,CC(=O)OC1=O->[Ir]<-n2ccccc21,O=C(O)c1ccn2->[Ir]<-O=Cc2c1,0.2909090909090909,log P - G parameter,False,uncond_bi-min10k-338,cond_bi-isolated_ligands-O8_optimized-uncond_bi-min10k-338,Low G parameter,O8,True
0,Cc1ccn2->[Ir]<-NC(C)(C)c2c1,1.58382,36.845455992360336,1,cis,Cc1ccn2->[Ir]<-NC(C)(C)c2c1,Cc1ccn2->[Ir]<-n3ccc(-c4ccccc4)cc3-c2c1,0.2266666666666666,log P,False,uncond_bi-min10k-2099,cond_bi-isolated_ligands-O1_optimized-uncond_bi-min10k-2099,Center,O1,True
1,c1ccn2->[Ir]<-S=C(Nc3ccncc3)Nc2c1,2.2855,38.3733885086742,1,cis,c1ccn2->[Ir]<-S=C(Nc3ccncc3)Nc2c1,c1ccn2->[Ir]<-S=C(Nc3ccc4ccccc4c3)Nc2c1,0.5616438356164384,log P,False,uncond_bi-min10k-2525,cond_bi-isolated_ligands-O1_optimized-uncond_bi-min10k-2525,Center,O1,True
2,CCn1ccn2->[Ir]<-N(C)(C)C(C)c12,1.5255999999999998,39.38405220436098,1,cis,CCn1ccn2->[Ir]<-N(C)(C)C(C)c12,CCn1ccn2->[Ir]<-N3C=CC=CC3(c3ccccc3)c12,0.2207792207792207,log P,False,uncond_bi-min10k-4509,cond_bi-isolated_ligands-O1_optimized-uncond_bi-min10k-4509,Center,O1,True
3,CN1->[Ir]<-N(=Cc2c(O)ccc3ccccc23)CC1,2.1837,37.08419544803438,1,cis,CN1->[Ir]<-N(=Cc2c(O)ccc3ccccc23)CC1,CN1->[Ir]<-N(=Cc2c3ccccc3cc3ccccc23)CC1,0.6285714285714286,log P,False,uncond_bi-min10k-7803,cond_bi-isolated_ligands-O1_optimized-uncond_bi-min10k-7803,Center,O1,True
4,O=C(O)c1ccccc1NN1->[Ir]<-n2ccccc2C1,1.8965,37.61738023237307,1,trans,O=C(O)c1ccccc1NN1->[Ir]<-n2ccccc2C1,O=C(Oc1ccccc1N1->[Ir]<-n2ccccc2C1)c1ccccc1,0.4318181818181818,log P,False,uncond_bi-min10k-5595,cond_bi-isolated_ligands-O1_optimized-uncond_bi-min10k-5595,Center,O1,True
5,C1=N->[Ir]<-NC12OPOCc1ccccc12,1.5029699999999997,37.33089288556422,1,trans,C1=N->[Ir]<-NC12OPOCc1ccccc12,c1ccc2c(c1)CC1(N->[Ir]<-n3ccccc31)OPO2,0.3246753246753247,log P,False,uncond_bi-min10k-2155,cond_bi-isolated_ligands-O1_optimized-uncond_bi-min10k-2155,Center,O1,True
6,CC1c2ccccn2->[Ir]<-N1NC(=O)c1ccccc1,2.0771999999999995,37.33885086742002,1,trans,CC1c2ccccn2->[Ir]<-N1NC(=O)c1ccccc1,CC12N->[Ir]<-N3C=CC=CC31C=Nc1sc3ccccc3c12,0.2061855670103092,log P,False,uncond_bi-min10k-7176,cond_bi-isolated_ligands-O1_optimized-uncond_bi-min10k-7176,Center,O1,True
7,C1=NCC2(N->[Ir]<-n3cc4ccccc4cc32)c2ccncc21,2.2646000000000006,37.37864077669902,1,cis,C1=NCC2(N->[Ir]<-n3cc4ccccc4cc32)c2ccncc21,ClC1=CC=CC23C=Nc4ccccc4C24Cc2ccccc2C=N4->[Ir]<-N13,0.2543859649122807,log P,False,uncond_bi-min10k-9185,cond_bi-isolated_ligands-O1_optimized-uncond_bi-min10k-9185,Center,O1,True
8,c1ccc(Cn2cc3n(->[Ir]<-n4cccn4C3)n2)cc1,1.5711999999999997,38.06302721629795,1,cis,c1ccc(Cn2cc3n(->[Ir]<-n4cccn4C3)n2)cc1,c1ccc(CN2->[Ir]<-n3cccn3-c3cccnc32)cc1,0.3928571428571428,log P,False,uncond_bi-min10k-5959,cond_bi-isolated_ligands-O1_optimized-uncond_bi-min10k-5959,Center,O1,True
9,Cc1ccc(C=N2->[Ir]<-N(C)(C)CC2)c(O)c1,1.68112,39.26468247652395,1,trans,Cc1ccc(C=N2->[Ir]<-N(C)(C)CC2)c(O)c1,Cc1ccc(C=N2->[Ir]<-n3ccccc3C2)c(F)c1Cl,0.240506329113924,log P,False,uncond_bi-min10k-7228,cond_bi-isolated_ligands-O1_optimized-uncond_bi-min10k-7228,Center,O1,True
0,CCC(C)N1->[Ir]<-Nc2cnccc21,1.8742,37.2115231577272,1,trans,CCC(C)N1->[Ir]<-Nc2cnccc21,CCC(C)N1->[Ir]<-n2ccccc2C1C,0.2666666666666666,G parameter,False,uncond_bi-min10k-2890,cond_bi-isolated_ligands-O2_optimized-uncond_bi-min10k-2890,Center,O2,True
1,CC1C(c2ccccc2)N2->[Ir]<-n3ccncc3C12N,1.5686999999999998,37.68104408721948,1,cis,CC1C(c2ccccc2)N2->[Ir]<-n3ccncc3C12N,CC1=N(c2ccccc2)->[Ir]<-N=CC1C,0.2837837837837837,G parameter,False,uncond_bi-min10k-8275,cond_bi-isolated_ligands-O2_optimized-uncond_bi-min10k-8275,Center,O2,True
2,Oc1ncccc1NC1=S->[Ir]<-n2ccccc2N1,1.9911,38.11873308928856,1,trans,Oc1ncccc1NC1=S->[Ir]<-n2ccccc2N1,CCN1->[Ir]<-n2ccccc2C2=CNC(N)N2CC1,0.2068965517241379,G parameter,False,uncond_bi-min10k-3273,cond_bi-isolated_ligands-O2_optimized-uncond_bi-min10k-3273,Center,O2,True
3,O=C(CS1->[Ir]<-Nc2ccncc21)Nc1ccccc1,2.3946000000000005,38.76332961960847,1,trans,O=C(CS1->[Ir]<-Nc2ccncc21)Nc1ccccc1,O=CC1(S)CS(Cc2ccccc2)->[Ir]<-S1,0.2222222222222222,G parameter,False,uncond_bi-min10k-5519,cond_bi-isolated_ligands-O2_optimized-uncond_bi-min10k-5519,Center,O2,True
4,O=C(OCCN1->[Ir]<-n2ccccc2C1)c1ccccc1,2.0282,37.53780041381506,1,cis,O=C(OCCN1->[Ir]<-n2ccccc2C1)c1ccccc1,O=C(O)CCn12->[Ir]<-n3ccccc3-c1ccn2,0.2857142857142857,G parameter,False,uncond_bi-min10k-9262,cond_bi-isolated_ligands-O2_optimized-uncond_bi-min10k-9262,Center,O2,True
5,Cc1ccn2->[Ir]<-NC(C)(C)c2c1,1.58382,36.845455992360336,1,cis,Cc1ccn2->[Ir]<-NC(C)(C)c2c1,CC1N->[Ir]<-NC(C)(C)C12CC=CC=N2,0.2,G parameter,False,uncond_bi-min10k-2099,cond_bi-isolated_ligands-O2_optimized-uncond_bi-min10k-2099,Center,O2,True
6,C1=NCC2(N->[Ir]<-n3cc4ccccc4cc32)c2ccncc21,2.2646000000000006,37.37864077669902,1,cis,C1=NCC2(N->[Ir]<-n3cc4ccccc4cc32)c2ccncc21,Nc1[nH]c(=N2->[Ir]<-NCc3cnccc32)[nH]c1-c1ccccc1,0.31,G parameter,False,uncond_bi-min10k-9185,cond_bi-isolated_ligands-O2_optimized-uncond_bi-min10k-9185,Center,O2,True
7,CCP1(CC)->[Ir]<-NCCC1C,2.2454,38.039153270730544,1,cis,CCP1(CC)->[Ir]<-NCCC1C,CCP1(CC)->[Ir]<-PC(C)C1C,0.3720930232558139,G parameter,False,uncond_bi-min10k-5346,cond_bi-isolated_ligands-O2_optimized-uncond_bi-min10k-5346,Center,O2,True
8,Cc1ccc(C2=N(O)->[Ir]<-[Be]=C3N(C)C=CN32)cc1,1.84571,39.38405220436098,1,trans,Cc1ccc(C2=N(O)->[Ir]<-[Be]=C3N(C)C=CN32)cc1,Cc1ccc(C[Se]2->[Ir]<-N(C)CC2)cc1,0.2465753424657534,G parameter,False,uncond_bi-min10k-4266,cond_bi-isolated_ligands-O2_optimized-uncond_bi-min10k-4266,Center,O2,True
9,c1ccn2->[Ir]<-S=C(Nc3ccncc3)Nc2c1,2.2855,38.3733885086742,1,cis,c1ccn2->[Ir]<-S=C(Nc3ccncc3)Nc2c1,c1ccn2->[Ir]<-N(c3ccncc3)C3(NCCN3)c2c1,0.3846153846153846,G parameter,False,uncond_bi-min10k-2525,cond_bi-isolated_ligands-O2_optimized-uncond_bi-min10k-2525,Center,O2,True
0,Oc1cccc(Cn23->[Ir]<-n4ccccc4-c2cnn3)c1,2.0939999999999994,38.67579181919465,1,cis,Oc1cccc(Cn23->[Ir]<-n4ccccc4-c2cnn3)c1,Oc1cccc(Cn23->[Ir]<-NCc2cnn3)c1,0.4929577464788732,log P,True,uncond_bi-min10k-6111,cond_bi-isolated_ligands-O3_optimized-uncond_bi-min10k-6111,Center,O3,True
1,CS1->[Ir]<-NC(C)(c2ccccc2)C1,2.2235000000000005,37.61738023237307,1,trans,CS1->[Ir]<-NC(C)(c2ccccc2)C1,CC1(c2ccccc2)N->[Ir]<-SC1S,0.4509803921568627,log P,True,uncond_bi-min10k-2740,cond_bi-isolated_ligands-O3_optimized-uncond_bi-min10k-2740,Center,O3,True
2,C(c1cccc2c1OCO2)=N1->[Ir]<-O=C(c2ccccc2)N1,2.1792,39.21693458538915,1,cis,C(c1cccc2c1OCO2)=N1->[Ir]<-O=C(c2ccccc2)N1,C1=O->[Ir]<-N(=Cc2cccc3c2OCO3)N1,0.5211267605633803,log P,True,uncond_bi-min10k-6811,cond_bi-isolated_ligands-O3_optimized-uncond_bi-min10k-6811,Center,O3,True
3,c1ccc(Cn2cc3n(->[Ir]<-n4cccn4C3)n2)cc1,1.5711999999999997,38.06302721629795,1,cis,c1ccc(Cn2cc3n(->[Ir]<-n4cccn4C3)n2)cc1,c1ccc(Cn23->[Ir]<-Nn4nccc4-c2cnn3)cc1,0.2808988764044944,log P,True,uncond_bi-min10k-5959,cond_bi-isolated_ligands-O3_optimized-uncond_bi-min10k-5959,Center,O3,True
4,CCNC(=O)c1cncc2c1N->[Ir]<-N2=C(C)C,1.5258,37.41843068597804,1,trans,CCNC(=O)c1cncc2c1N->[Ir]<-N2=C(C)C,CCNC(=O)CN1->[Ir]<-n2ccccc2C1,0.2,log P,True,uncond_bi-min10k-6504,cond_bi-isolated_ligands-O3_optimized-uncond_bi-min10k-6504,Center,O3,True
5,Oc1ncccc1NC1=S->[Ir]<-n2ccccc2N1,1.9911,38.11873308928856,1,trans,Oc1ncccc1NC1=S->[Ir]<-n2ccccc2N1,Oc1cnccc1NC1NC=S->[Ir]<-N1,0.2051282051282051,log P,True,uncond_bi-min10k-3273,cond_bi-isolated_ligands-O3_optimized-uncond_bi-min10k-3273,Center,O3,True
6,On12->[Ir]<-N=C(c3ccccc3)c1ccn2,1.5365699999999998,37.09215342989018,1,cis,On12->[Ir]<-N=C(c3ccccc3)c1ccn2,O=C(O)C1=N->[Ir]<-n2(O)nccc21,0.4,log P,True,uncond_bi-min10k-1130,cond_bi-isolated_ligands-O3_optimized-uncond_bi-min10k-1130,Center,O3,True
7,CC1c2ccccn2->[Ir]<-N1NC(=O)c1ccccc1,2.0771999999999995,37.33885086742002,1,trans,CC1c2ccccn2->[Ir]<-N1NC(=O)c1ccccc1,CC1c2ccccn2->[Ir]<-N1C(=O)O,0.4444444444444444,log P,True,uncond_bi-min10k-7176,cond_bi-isolated_ligands-O3_optimized-uncond_bi-min10k-7176,Center,O3,True
8,CC(c1ccccc1)=N1->[Ir]<-S=C(N2CCOCC2)N1,1.6173,37.91978354289352,1,trans,CC(c1ccccc1)=N1->[Ir]<-S=C(N2CCOCC2)N1,CC(c1ccccc1)=N1->[Ir]<-S=C(N)N1,0.5483870967741935,log P,True,uncond_bi-min10k-9038,cond_bi-isolated_ligands-O3_optimized-uncond_bi-min10k-9038,Center,O3,True
9,C1CCN2(->[Ir]<-N3CCCCC32)CC1,1.5719,37.48209454082445,1,trans,C1CCN2(->[Ir]<-N3CCCCC32)CC1,C1CCN2->[Ir]<-NC2C1,0.3125,log P,True,uncond_bi-min10k-6826,cond_bi-isolated_ligands-O3_optimized-uncond_bi-min10k-6826,Center,O3,True
0,CCNC(=O)c1cncc2c1N->[Ir]<-N2=C(C)C,1.5258,37.41843068597804,1,trans,CCNC(=O)c1cncc2c1N->[Ir]<-N2=C(C)C,CCNC(=O)c1cnc2c(c1)N(=C(C)C)->[Ir]<-N2,0.5932203389830508,G parameter,True,uncond_bi-min10k-6504,cond_bi-isolated_ligands-O4_optimized-uncond_bi-min10k-6504,Center,O4,True
1,CCn1ccn2->[Ir]<-N(C)(C)C(C)c12,1.5255999999999998,39.38405220436098,1,cis,CCn1ccn2->[Ir]<-N(C)(C)C(C)c12,CCn1ccn2->[Ir]<-N3C=CC=CC3(C)c12,0.3,G parameter,True,uncond_bi-min10k-4509,cond_bi-isolated_ligands-O4_optimized-uncond_bi-min10k-4509,Center,O4,True
2,CC(=O)C1=CCN2->[Ir]<-n3ccccc3C2=C1,1.5411,37.44230463154545,1,trans,CC(=O)C1=CCN2->[Ir]<-n3ccccc3C2=C1,O=C(c1ccccc1)N1->[Ir]<-Nc2cccnc21,0.2307692307692307,G parameter,True,uncond_bi-min10k-3092,cond_bi-isolated_ligands-O4_optimized-uncond_bi-min10k-3092,Center,O4,True
3,CC(c1ccccc1)=N1->[Ir]<-S=C(N2CCOCC2)N1,1.6173,37.91978354289352,1,trans,CC(c1ccccc1)=N1->[Ir]<-S=C(N2CCOCC2)N1,c1ccc(C2CN->[Ir]<-N2)cc1,0.2191780821917808,G parameter,True,uncond_bi-min10k-9038,cond_bi-isolated_ligands-O4_optimized-uncond_bi-min10k-9038,Center,O4,True
4,CN(C)N1->[Ir]<-n2ccccc2C1c1cccnc1,1.6321999999999997,39.4875059684864,1,cis,CN(C)N1->[Ir]<-n2ccccc2C1c1cccnc1,c1ccn2->[Ir]<-N3=C(SNC3)c2c1,0.2222222222222222,G parameter,True,uncond_bi-min10k-7861,cond_bi-isolated_ligands-O4_optimized-uncond_bi-min10k-7861,Center,O4,True
6,Cc1scc(C2C(C)N->[Ir]<-N2O)c1C,1.7320399999999998,37.15581728473659,1,trans,Cc1scc(C2C(C)N->[Ir]<-N2O)c1C,Cc1csc(C2N->[Ir]<-NC2C)c1,0.2857142857142857,G parameter,True,uncond_bi-min10k-4370,cond_bi-isolated_ligands-O4_optimized-uncond_bi-min10k-4370,Center,O4,True
7,OCc1ccc(-c2ccn3n2->[Ir]<-n2cccnc2-3)cc1,1.8216,38.978195129715104,1,cis,OCc1ccc(-c2ccn3n2->[Ir]<-n2cccnc2-3)cc1,c1ccc(C2=O->[Ir]<-n3ccccc32)cc1,0.2839506172839506,G parameter,True,uncond_bi-min10k-6041,cond_bi-isolated_ligands-O4_optimized-uncond_bi-min10k-6041,Center,O4,True
8,Cc1ccn2->[Ir]<-NC(C)(C)c2c1,1.58382,36.845455992360336,1,cis,Cc1ccn2->[Ir]<-NC(C)(C)c2c1,c1ccn2->[Ir]<-NC3(CCCC3)c2c1,0.2857142857142857,G parameter,True,uncond_bi-min10k-2099,cond_bi-isolated_ligands-O4_optimized-uncond_bi-min10k-2099,Center,O4,True
9,CC(C)(C)c1cc2n(->[Ir]<-S(CC=O)C2)[nH]1,2.1393,39.68645551488142,1,trans,CC(C)(C)c1cc2n(->[Ir]<-S(CC=O)C2)[nH]1,CC(C)(C)c1cc2n(->[Ir]<-SC2(S)C=O)[nH]1,0.4210526315789473,G parameter,True,uncond_bi-min10k-5461,cond_bi-isolated_ligands-O4_optimized-uncond_bi-min10k-5461,Center,O4,True
0,OCC1C(c2ccccc2)OC2=N1->[Ir]<-n1ccccc12,1.9606,37.55371637752666,1,trans,OCC1C(c2ccccc2)OC2=N1->[Ir]<-n1ccccc12,OCC1=NC(c2ccccc2)C2(CP->[Ir]<-P2)O1,0.2823529411764706,log P + G parameter,False,uncond_bi-min10k-7408,cond_bi-isolated_ligands-O5_optimized-uncond_bi-min10k-7408,Center,O5,True
1,CN1->[Ir]<-N(=Cc2c(O)ccc3ccccc23)CC1,2.1837,37.08419544803438,1,cis,CN1->[Ir]<-N(=Cc2c(O)ccc3ccccc23)CC1,CN1CNC=C1c1ccc2n(->[Ir]<-N(=CCc3ccccc3)C2)c1,0.2631578947368421,log P + G parameter,False,uncond_bi-min10k-7803,cond_bi-isolated_ligands-O5_optimized-uncond_bi-min10k-7803,Center,O5,True
2,CC(C)NC(=S)SC1N->[Ir]<-n2ccccc21,2.055,37.18764921215979,1,trans,CC(C)NC(=S)SC1N->[Ir]<-n2ccccc21,CC(C)NC(=S)S1->[Ir]<-SC(O)C1S,0.2153846153846154,log P + G parameter,False,uncond_bi-min10k-4814,cond_bi-isolated_ligands-O5_optimized-uncond_bi-min10k-4814,Center,O5,True
3,CP1(c2ccccc2)->[Ir]<-N=CCO1,2.00477,39.415884131784175,1,cis,CP1(c2ccccc2)->[Ir]<-N=CCO1,CCP1(c2ccccc2)->[Ir]<-N=CC(C)(C)O1,0.4310344827586206,log P + G parameter,False,uncond_bi-min10k-1541,cond_bi-isolated_ligands-O5_optimized-uncond_bi-min10k-1541,Center,O5,True
4,c1ccc(Cn2cc3n(->[Ir]<-n4cccn4C3)n2)cc1,1.5711999999999997,38.06302721629795,1,cis,c1ccc(Cn2cc3n(->[Ir]<-n4cccn4C3)n2)cc1,CN1->[Ir]<-S=C(N2C=CC=CC2c2ccccc2)N1,0.2359550561797752,log P + G parameter,False,uncond_bi-min10k-5959,cond_bi-isolated_ligands-O5_optimized-uncond_bi-min10k-5959,Center,O5,True
5,Cc1ccn2->[Ir]<-NC(C)(C)c2c1,1.58382,36.845455992360336,1,cis,Cc1ccn2->[Ir]<-NC(C)(C)c2c1,CC1(C)N->[Ir]<-n2ccccc2C12C=CC=CN2,0.3225806451612903,log P + G parameter,False,uncond_bi-min10k-2099,cond_bi-isolated_ligands-O5_optimized-uncond_bi-min10k-2099,Center,O5,True
6,CCC(C)N1->[Ir]<-Nc2cnccc21,1.8742,37.2115231577272,1,trans,CCC(C)N1->[Ir]<-Nc2cnccc21,CCC(C)N1->[Ir]<-N=C(C)C1C,0.2222222222222222,log P + G parameter,False,uncond_bi-min10k-2890,cond_bi-isolated_ligands-O5_optimized-uncond_bi-min10k-2890,Center,O5,True
7,CCn1ccn2->[Ir]<-n3(CC)cncc3-c12,1.7863999999999998,37.346808849275824,1,cis,CCn1ccn2->[Ir]<-n3(CC)cncc3-c12,CCN1->[Ir]<-N(CC)=C2N=CNC2(C)C=1,0.2058823529411764,log P + G parameter,False,uncond_bi-min10k-3604,cond_bi-isolated_ligands-O5_optimized-uncond_bi-min10k-3604,Center,O5,True
8,CC1c2ccccn2->[Ir]<-N1NC(=O)c1ccccc1,2.0771999999999995,37.33885086742002,1,trans,CC1c2ccccn2->[Ir]<-N1NC(=O)c1ccccc1,CC(C)N1->[Ir]<-S(c2ccccc2)C(C)CC1,0.2345679012345679,log P + G parameter,False,uncond_bi-min10k-7176,cond_bi-isolated_ligands-O5_optimized-uncond_bi-min10k-7176,Center,O5,True
9,C1=NCC2(N->[Ir]<-n3cc4ccccc4cc32)c2ccncc21,2.2646000000000006,37.37864077669902,1,cis,C1=NCC2(N->[Ir]<-n3cc4ccccc4cc32)c2ccncc21,Cc1c[nH]c(=N2->[Ir]<-n3ccccc3-c3ccccc32)[nH]1,0.2376237623762376,log P + G parameter,False,uncond_bi-min10k-9185,cond_bi-isolated_ligands-O5_optimized-uncond_bi-min10k-9185,Center,O5,True
0,C=N1->[Ir]<-O=c2c(Cl)cccc2=C1,1.8325,36.98869966576476,1,trans,C=N1->[Ir]<-O=c2c(Cl)cccc2=C1,C=N1->[Ir]<-O=CC2=C1C=CCN2,0.2,log P - G parameter,True,uncond_bi-min10k-155,cond_bi-isolated_ligands-O6_optimized-uncond_bi-min10k-155,Center,O6,True
1,CC(=O)C1=CCN2->[Ir]<-n3ccccc3C2=C1,1.5411,37.44230463154545,1,trans,CC(=O)C1=CCN2->[Ir]<-n3ccccc3C2=C1,CC(=O)CN1->[Ir]<-n2ccccc2C1[SeH],0.3492063492063492,log P - G parameter,True,uncond_bi-min10k-3092,cond_bi-isolated_ligands-O6_optimized-uncond_bi-min10k-3092,Center,O6,True
2,CS1->[Ir]<-NC(C)(c2ccccc2)C1,2.2235000000000005,37.61738023237307,1,trans,CS1->[Ir]<-NC(C)(c2ccccc2)C1,CCS1->[Ir]<-NC(C)(C)C1,0.22,log P - G parameter,True,uncond_bi-min10k-2740,cond_bi-isolated_ligands-O6_optimized-uncond_bi-min10k-2740,Center,O6,True
3,Oc1cccc(Cn23->[Ir]<-n4ccccc4-c2cnn3)c1,2.0939999999999994,38.67579181919465,1,cis,Oc1cccc(Cn23->[Ir]<-n4ccccc4-c2cnn3)c1,OCCS1->[Ir]<-N2C=CN(Cc3ccccc3)C2C1,0.217391304347826,log P - G parameter,True,uncond_bi-min10k-6111,cond_bi-isolated_ligands-O6_optimized-uncond_bi-min10k-6111,Center,O6,True
4,OCC1C(c2ccccc2)OC2=N1->[Ir]<-n1ccccc12,1.9606,37.55371637752666,1,trans,OCC1C(c2ccccc2)OC2=N1->[Ir]<-n1ccccc12,CN1(C)->[Ir]<-N2=C(C1)OC(c1ccccc1)C2CO,0.4666666666666667,log P - G parameter,True,uncond_bi-min10k-7408,cond_bi-isolated_ligands-O6_optimized-uncond_bi-min10k-7408,Center,O6,True
5,Cc1c[nH]n2->[Ir]<-N=CC(C)(C)c12,1.64529,39.567085787044405,1,cis,Cc1c[nH]n2->[Ir]<-N=CC(C)(C)c12,Cc1[nH]n2->[Ir]<-N=C([SeH])C(C)(C)c2c1C,0.2962962962962963,log P - G parameter,True,uncond_bi-min10k-1408,cond_bi-isolated_ligands-O6_optimized-uncond_bi-min10k-1408,Center,O6,True
6,C1=N(Cc2ccncc2)->[Ir]<-n2ccccc21,2.0957,37.52188445010346,1,trans,C1=N(Cc2ccncc2)->[Ir]<-n2ccccc21,CCN1->[Ir]<-n2ccccc2C1C(C)=O,0.2253521126760563,log P - G parameter,True,uncond_bi-min10k-2322,cond_bi-isolated_ligands-O6_optimized-uncond_bi-min10k-2322,Center,O6,True
7,CC(C)C1Cc2cnccc2C2(C=N->[Ir]<-N2)C1,2.10357,37.2115231577272,1,cis,CC(C)C1Cc2cnccc2C2(C=N->[Ir]<-N2)C1,CC(C)C1CC(C)C2(C=N->[Ir]<-N2)C(N)C1,0.3235294117647059,log P - G parameter,True,uncond_bi-min10k-9190,cond_bi-isolated_ligands-O6_optimized-uncond_bi-min10k-9190,Center,O6,True
8,C(c1cccc2c1OCO2)=N1->[Ir]<-O=C(c2ccccc2)N1,2.1792,39.21693458538915,1,cis,C(c1cccc2c1OCO2)=N1->[Ir]<-O=C(c2ccccc2)N1,CN1C=S->[Ir]<-N1=Cc1cccc2c1OCO2,0.4102564102564102,log P - G parameter,True,uncond_bi-min10k-6811,cond_bi-isolated_ligands-O6_optimized-uncond_bi-min10k-6811,Center,O6,True
9,c1ccn2->[Ir]<-S=C(Nc3ccncc3)Nc2c1,2.2855,38.3733885086742,1,cis,c1ccn2->[Ir]<-S=C(Nc3ccncc3)Nc2c1,c1ccc(CN2->[Ir]<-n3ccccc3CC2)nc1,0.2911392405063291,log P - G parameter,True,uncond_bi-min10k-2525,cond_bi-isolated_ligands-O6_optimized-uncond_bi-min10k-2525,Center,O6,True
0,O=C(O)c1ccccc1NN1->[Ir]<-n2ccccc2C1,1.8965,37.61738023237307,1,trans,O=C(O)c1ccccc1NN1->[Ir]<-n2ccccc2C1,O=C(O)c1ccc2c(c1)N->[Ir]<-N2,0.2027027027027027,log P + G parameter,True,uncond_bi-min10k-5595,cond_bi-isolated_ligands-O7_optimized-uncond_bi-min10k-5595,Center,O7,True
1,COc1ccn2->[Ir]<-N(C(C)C)=Cc2c1,1.9175,39.06573293012892,1,cis,COc1ccn2->[Ir]<-N(C(C)C)=Cc2c1,CN1->[Ir]<-n2ccc(O)cc2C1,0.2280701754385964,log P + G parameter,True,uncond_bi-min10k-2859,cond_bi-isolated_ligands-O7_optimized-uncond_bi-min10k-2859,Center,O7,True
2,C1=NCC2(N->[Ir]<-n3cc4ccccc4cc32)c2ccncc21,2.2646000000000006,37.37864077669902,1,cis,C1=NCC2(N->[Ir]<-n3cc4ccccc4cc32)c2ccncc21,c1cc2c(cn1)N->[Ir]1(<-N2)<-Nc2ccncc2N->1,0.2061855670103092,log P + G parameter,True,uncond_bi-min10k-9185,cond_bi-isolated_ligands-O7_optimized-uncond_bi-min10k-9185,Center,O7,True
3,CCn1ccn2->[Ir]<-n3(CC)cncc3-c12,1.7863999999999998,37.346808849275824,1,cis,CCn1ccn2->[Ir]<-n3(CC)cncc3-c12,CCn12->[Ir]<-Nc1ncc2,0.2105263157894736,log P + G parameter,True,uncond_bi-min10k-3604,cond_bi-isolated_ligands-O7_optimized-uncond_bi-min10k-3604,Center,O7,True
5,Fc1ccccc1C1n2cccn2->[Ir]<-n2cccn21,2.3138999999999994,39.46363202291899,1,cis,Fc1ccccc1C1n2cccn2->[Ir]<-n2cccn21,Fc1ccccc1-c1nc2c([nH]1)N->[Ir]<-N2,0.2048192771084337,log P + G parameter,True,uncond_bi-min10k-4268,cond_bi-isolated_ligands-O7_optimized-uncond_bi-min10k-4268,Center,O7,True
6,Nc1ccccc1C1n2cccn2->[Ir]<-n2cccn21,1.757,37.69696005093108,1,trans,Nc1ccccc1C1n2cccn2->[Ir]<-n2cccn21,Nc1ccccc1-c1cc2n(->[Ir]<-n3ccccc3-2)[nH]1,0.3333333333333333,log P + G parameter,True,uncond_bi-min10k-5956,cond_bi-isolated_ligands-O7_optimized-uncond_bi-min10k-5956,Center,O7,True
7,CC(=O)C1=CCN2->[Ir]<-n3ccccc3C2=C1,1.5411,37.44230463154545,1,trans,CC(=O)C1=CCN2->[Ir]<-n3ccccc3C2=C1,O=C(O)c1ccn2->[Ir]<-NCc2c1,0.2121212121212121,log P + G parameter,True,uncond_bi-min10k-3092,cond_bi-isolated_ligands-O7_optimized-uncond_bi-min10k-3092,Center,O7,True
9,Cc1ccn2->[Ir]<-NC(C)(C)c2c1,1.58382,36.845455992360336,1,cis,Cc1ccn2->[Ir]<-NC(C)(C)c2c1,c1ccn2->[Ir]<-NC3(CCCN3)c2c1,0.2857142857142857,log P + G parameter,True,uncond_bi-min10k-2099,cond_bi-isolated_ligands-O7_optimized-uncond_bi-min10k-2099,Center,O7,True
0,CC1C(c2ccccc2)N2->[Ir]<-n3ccncc3C12N,1.5686999999999998,37.68104408721948,1,cis,CC1C(c2ccccc2)N2->[Ir]<-n3ccncc3C12N,CC1CN2(->[Ir]<-Nc3ncccc32)C1c1ccccc1,0.3373493975903614,log P - G parameter,False,uncond_bi-min10k-8275,cond_bi-isolated_ligands-O8_optimized-uncond_bi-min10k-8275,Center,O8,True
1,COc1ccn2->[Ir]<-N(C(C)C)=Cc2c1,1.9175,39.06573293012892,1,cis,COc1ccn2->[Ir]<-N(C(C)C)=Cc2c1,Oc1ccn2->[Ir]<-n3ccc(Cl)cc3-c2c1,0.2238805970149253,log P - G parameter,False,uncond_bi-min10k-2859,cond_bi-isolated_ligands-O8_optimized-uncond_bi-min10k-2859,Center,O8,True
2,O=C(O)c1ccccc1NN1->[Ir]<-n2ccccc2C1,1.8965,37.61738023237307,1,trans,O=C(O)c1ccccc1NN1->[Ir]<-n2ccccc2C1,Fc1ccc2c(c1)COC1=N2->[Ir]<-n2ccccc21,0.2705882352941176,log P - G parameter,False,uncond_bi-min10k-5595,cond_bi-isolated_ligands-O8_optimized-uncond_bi-min10k-5595,Center,O8,True
4,C#Cc1ccc(CN2->[Ir]<-n3ccccc3C2)cc1O,2.0583000000000005,36.781792137513925,1,trans,C#Cc1ccc(CN2->[Ir]<-n3ccccc3C2)cc1O,c1ccn2->[Ir]<-NC(c3cccc4ccccc34)c2c1,0.2584269662921348,log P - G parameter,False,uncond_bi-min10k-7115,cond_bi-isolated_ligands-O8_optimized-uncond_bi-min10k-7115,Center,O8,True
5,CN1C=CN2C1=S->[Ir]<-n1ccccc12,1.94029,38.25401878083719,1,trans,CN1C=CN2C1=S->[Ir]<-n1ccccc12,c1ccn2->[Ir]<-N3CCCCC3c2c1,0.2307692307692307,log P - G parameter,False,uncond_bi-min10k-959,cond_bi-isolated_ligands-O8_optimized-uncond_bi-min10k-959,Center,O8,True
6,CCNC(=O)c1cncc2c1N->[Ir]<-N2=C(C)C,1.5258,37.41843068597804,1,trans,CCNC(=O)c1cncc2c1N->[Ir]<-N2=C(C)C,NC(=O)c1cncc2c1N->[Ir]<-N2,0.3064516129032258,log P - G parameter,False,uncond_bi-min10k-6504,cond_bi-isolated_ligands-O8_optimized-uncond_bi-min10k-6504,Center,O8,True
7,COc1cccc(C2n3cccn3->[Ir]<-n3cccn32)c1,2.1834,37.95957345217253,1,cis,COc1cccc(C2n3cccn3->[Ir]<-n3cccn32)c1,c1ccc(OC2CN->[Ir]<-N2)cc1,0.2025316455696202,log P - G parameter,False,uncond_bi-min10k-7691,cond_bi-isolated_ligands-O8_optimized-uncond_bi-min10k-7691,Center,O8,True
8,CC(C)(C)c1cc2n(->[Ir]<-S(CC=O)C2)[nH]1,2.1393,39.68645551488142,1,trans,CC(C)(C)c1cc2n(->[Ir]<-S(CC=O)C2)[nH]1,CC(C)(C)c1cc2n(->[Ir]<-n3ccccc3-2)[nH]1,0.3230769230769231,log P - G parameter,False,uncond_bi-min10k-5461,cond_bi-isolated_ligands-O8_optimized-uncond_bi-min10k-5461,Center,O8,True
